BusStop,BoardingCount,Latitude,Longitude
10001,141,36.837568,30.5960645
10002,143,36.840401,30.5971364
10003,343,36.8428871,30.59863
10004,20,36.8464167,30.6042476
10005,440,36.8466598,30.6074286
10006,722,36.8484369,30.6131867
10008,416,36.850763,30.6156958
10009,2086,36.8524025,30.6174486
10010,500,36.8538159,30.6189915
10011,223,36.8580417,30.6235708
10012,420,36.8601304,30.6265059
10013,438,36.8618354,30.629013
10014,690,36.8640765,30.6324405
10015,2595,36.8655388,30.6346345
10016,900,36.8677618,30.6382628
10017,930,36.8732096,30.6422595
10018,1486,36.876039,30.6444396
10019,0,36.8769407,30.6458835
10020,1019,36.8783012,30.6478875
10021,1799,36.8804137,30.653084
10022,8,36.8812558,30.6547627
10023,4608,36.8836241,30.6584642
10024,531,36.886157,30.6693044
10025,50,36.8868236,30.6729882
10026,1825,36.8883678,30.6814885
10027,1163,36.888793,30.6838256
10028,692,36.8896045,30.6883531
10029,1662,36.8899302,30.6902985
10030,0,37.1233123,30.5816632
10031,855,36.889688,30.6954115
10033,799,36.8875479,30.6966887
10035,1611,36.8867325,30.7024022
10037,1948,36.8861759,30.7081808
10038,0,37.0253116,30.6346838
10039,856,36.883709,30.7090899
10041,1125,36.8798145,30.7088594
10043,282,36.8752713,30.7122345
10044,0,36.9622342,30.6038357
10045,340,36.8726691,30.718556
10047,232,36.8707682,30.7194018
10048,0,36.9660854,30.6050481
10049,140,36.8683304,30.7220153
10051,220,36.8664207,30.7259103
10053,413,36.8641635,30.7282766
10054,280,36.8618269,30.7302288
10055,182,36.8603117,30.7316536
10056,187,36.8590451,30.7338338
10057,0,36.9008537,30.7313493
10058,275,36.8586688,30.7383589
10059,243,36.8584821,30.7407327
10060,509,36.8582549,30.7437823
10061,0,36.9016752,30.7287985
10062,463,36.8563244,30.7465008
10063,144,36.8542821,30.7486426
10064,116,36.8530388,30.7509817
10065,303,36.8521439,30.7548858
10066,1900,36.8515809,30.758381
10067,0,36.8532124,30.7569836
10068,336,36.8515386,30.7641298
10069,280,36.8514701,30.7659842
10070,155,36.8515733,30.7700476
10071,149,36.8522165,30.7715483
10072,102,36.8532443,30.7737582
10073,146,36.8540374,30.77689
10074,135,36.8549604,30.7796309
10075,158,36.8559579,30.781823
10077,102,36.8569084,30.7860732
10078,128,36.8577514,30.7893732
10079,998,36.8578895,30.7932009
10080,91,36.8563375,30.7951754
10082,4,36.853423,30.798642
10083,9,36.851715,30.800784
10084,10,36.850365,30.803279
10086,11,36.850417,30.805892
10088,225,36.8487141,30.8083557
10090,797,36.8501751,30.8061876
10092,564,36.8504739,30.8033956
10094,60,36.8532928,30.7990686
10095,300,36.854669,30.799281
10097,419,36.8566264,30.7952311
10099,2333,36.8582797,30.7930857
10101,825,36.8580223,30.7895186
10103,569,36.8571891,30.7863327
10105,452,36.8561613,30.7816894
10107,618,36.8551704,30.7794029
10109,383,36.8541713,30.7764995
10110,367,36.8536014,30.7742835
10112,475,36.8523559,30.7713231
10113,469,36.8517355,30.7687455
10114,646,36.8516775,30.7659426
10116,2789,36.851772,30.75892
10118,2149,36.8523407,30.7550588
10119,380,36.8531717,30.7512751
10120,214,36.8541199,30.7491478
10121,1112,36.856091,30.747119
10123,1157,36.8584679,30.7442005
10124,495,36.8586602,30.7411765
10125,495,36.8588669,30.7385964
10127,456,36.85913,30.7343542
10128,421,36.8604294,30.7319235
10129,733,36.8624598,30.7303018
10131,868,36.8655094,30.7271831
10133,2,36.8684454,30.7225424
10134,433,36.869278,30.7209483
10135,699,36.8712465,30.7194135
10136,162,36.873767,30.717228
10137,222,36.8755583,30.7144393
10138,167,36.8771504,30.7136479
10140,275,36.8789552,30.7119418
10142,629,36.8812877,30.7104041
10144,287,36.8841886,30.7111585
10146,1023,36.8867891,30.7104045
10147,483,36.887831,30.709893
10148,476,36.8922047,30.7086505
10149,1970,36.8931172,30.7059467
10151,9077,36.8921861,30.6987814
10153,2821,36.8904849,30.6911673
10154,337,36.8898121,30.6876101
10155,906,36.8893877,30.6852485
10156,789,36.8886831,30.6813288
10158,228,36.8863912,30.6690507
10160,1890,36.8837384,30.6579707
10161,225,36.8821631,30.6556175
10162,355,36.8804446,30.6520219
10163,660,36.878764,30.648139
10164,137,36.8775227,30.6461
10165,577,36.87546,30.643262
10166,406,36.872523,30.641539
10168,187,36.8678592,30.6376746
10169,403,36.8664205,30.6353689
10171,613,36.8636977,30.6312522
10172,141,36.8620594,30.6288069
10173,157,36.8600285,30.6257476
10174,57,36.858166,30.623222
10175,551,36.8533986,30.6180573
10176,69,36.850912,30.6153933
10177,94,36.8488553,30.6131623
10179,8,36.8467318,30.603941
10180,5,36.8437859,30.5985951
10181,7,36.840595,30.596733
10182,2,36.8384306,30.5956827
10185,679,36.8905786,30.6645883
10192,459,36.9109755,30.6993272
10193,69,36.9121791,30.7052015
10196,85,36.9131091,30.7239313
10197,50,36.9126028,30.727505
10199,41,36.9120228,30.7312612
10202,3,36.9053851,30.7519042
10204,2,36.902914,30.756629
10208,0,36.9015787,30.7649819
10209,4,36.9116771,30.7737335
10210,6,36.9167499,30.7824101
10211,248,36.9200846,30.7882446
10212,0,36.9269744,30.8002145
10214,59,36.9379474,30.8192603
10215,6,36.94713,30.838763
10217,69,36.9441139,30.853232
10218,63,36.9462638,30.8505162
10219,130,36.953198,30.845888
10220,659,36.9485585,30.8455318
10223,22,36.9459166,30.8319481
10224,13,36.9419647,30.8246996
10225,16,36.9398807,30.8209831
10226,11,36.9387436,30.8189862
10227,637,36.936173,30.814396
10229,2,36.9338228,30.8103669
10230,17,36.927273,30.798934
10231,64,36.925731,30.796275
10232,16,36.923144,30.791796
10233,603,36.9195407,30.7854529
10235,72,36.916523,30.7802774
10236,0,36.8687522,30.7840149
10237,32,36.9129843,30.7740992
10238,0,36.8718492,30.7853811
10240,70,36.9018276,30.7595637
10242,43,36.9057271,30.7521953
10243,0,36.8702399,30.8089107
10244,66,36.9102464,30.7409036
10245,115,36.9116556,30.736545
10246,138,36.9125444,30.73099
10247,146,36.9130651,30.7273421
10248,65,36.9135593,30.7238634
10249,142,36.9136677,30.7187145
10250,162,36.9132293,30.7129712
10251,232,36.9130106,30.7103173
10253,452,36.9106819,30.6964066
10254,0,36.8775677,30.7659699
10255,268,36.9080597,30.6877091
10257,218,36.9032154,30.6622491
10258,1041,36.9045964,30.6631794
10259,2233,36.8977874,30.6650277
10260,2263,36.8914123,30.6638234
10261,801,36.8661233,30.6328891
10262,388,36.8685225,30.6305939
10264,480,36.8718593,30.6274496
10265,0,36.8795171,30.7533323
10266,50,36.8748151,30.6280051
10267,19,36.873434,30.63117
10268,124,36.8722102,30.6330863
10269,29,36.8738287,30.6349296
10273,52,36.8803688,30.6458857
10274,382,36.8840251,30.6453701
10275,326,36.8822261,30.648741
10276,3711,36.8924679,30.6661345
10277,1179,36.8924164,30.6691472
10278,492,36.8924417,30.6720654
10279,894,36.89234,30.6745397
10280,3311,36.8913051,30.6758009
10282,1756,36.8884638,30.7082784
10284,1997,36.8869695,30.7126434
10286,605,36.8842492,30.713514
10288,104,36.880273,30.7175537
10290,72,36.8763377,30.7174487
10291,327,36.8581359,30.748263
10292,50,36.8580322,30.7508766
10293,83,36.8578611,30.7537836
10294,144,36.8576033,30.7610816
10295,240,36.8575464,30.7650142
10296,110,36.8574249,30.7695809
10297,130,36.857537,30.7718567
10298,82,36.8586804,30.77649
10299,52,36.8600824,30.7798877
10300,46,36.8611268,30.7837201
10301,76,36.8616399,30.7874951
10302,0,36.9126639,30.6872211
10303,85,36.865349,30.7824384
10304,0,36.9402324,30.6677809
10305,702,36.861876,30.7872628
10306,280,36.8612523,30.7825913
10307,196,36.8601683,30.7795288
10308,254,36.8591461,30.776939
10309,261,36.8578084,30.7722932
10310,539,36.8576426,30.7695476
10311,503,36.8577886,30.7649886
10312,376,36.8578002,30.7610836
10313,243,36.8578192,30.7576366
10314,192,36.8581577,30.7533414
10315,100,36.8582163,30.7509159
10316,105,36.8583265,30.7485585
10317,258,36.877288,30.717681
10318,1,36.8781356,30.7177123
10319,109,36.8806518,30.7179955
10321,1180,36.8843765,30.7136819
10322,0,36.9310897,30.6936214
10323,3921,36.8877445,30.7123379
10324,1104,36.8916865,30.7039241
10325,193,36.8892934,30.7028179
10326,472,36.8880398,30.7016135
10327,96,36.8881916,30.6994924
10328,33,36.8896096,30.6969414
10329,7,36.8890831,30.6939224
10330,6,36.8886651,30.6916088
10331,4,36.8880749,30.6877699
10332,4,36.8875084,30.6845234
10333,0,36.9298686,30.6917773
10334,1372,36.8908402,30.676355
10335,1503,36.8925791,30.6742239
10336,250,36.8926417,30.6722036
10337,590,36.8926704,30.6688238
10338,317,36.8917199,30.6673184
10339,77,36.8879856,30.6668995
10340,0,36.9298569,30.6919316
10341,63,36.8767989,30.6421081
10342,7,36.8757124,30.6366634
10343,6,36.872334,30.6329211
10344,2,36.8734022,30.6314002
10345,0,36.9305054,30.6944314
10346,275,36.8718622,30.6271405
10347,199,36.8688037,30.6300153
10348,80,36.8661578,30.6324706
10349,27,36.8643231,30.6247263
10350,84,36.8681575,30.6252642
10351,66,36.8691024,30.6280328
10352,73,36.8701787,30.6297973
10353,119,36.8750329,30.6369277
10354,55,36.8750117,30.6403176
10355,51,36.8734016,30.6467723
10356,585,36.8922672,30.6768336
10357,717,36.892196,30.6788739
10358,502,36.8923508,30.6818152
10359,276,36.8926876,30.6845415
10360,193,36.8928069,30.6864336
10361,186,36.8934311,30.6890914
10362,136,36.8941989,30.6914023
10363,506,36.8924906,30.6937834
10364,4686,36.891989,30.6990601
10366,5760,36.8936139,30.7044791
10367,348,36.8989216,30.7082122
10368,0,36.987935,30.8018646
10369,132,36.9058821,30.7000889
10370,0,36.9856812,30.8046809
10371,228,36.9081997,30.7065449
10372,263,36.9043642,30.7101905
10374,1537,36.903454,30.7160507
10375,1500,36.8994349,30.7152364
10376,824,36.895926,30.708739
10378,1532,36.8922183,30.6941419
10379,746,36.8943956,30.691289
10380,186,36.8938135,30.6895437
10381,226,36.8930395,30.6869675
10383,234,36.8925578,30.6816319
10384,879,36.8924593,30.6784785
10385,24,36.8751399,30.6404659
10388,22,36.8640079,30.6246792
10390,317,36.876372,30.626364
10391,182,36.8790887,30.6262328
10393,193,36.8850602,30.6259695
10395,379,36.8919013,30.6264707
10396,324,36.8942114,30.6278892
10397,366,36.893587,30.6302284
10399,137,36.8891365,30.630146
10400,61,36.889734,30.630328
10402,203,36.8938509,30.6272522
10403,209,36.8925645,30.6265695
10405,307,36.8857266,30.6257491
10407,352,36.8801582,30.6259195
10408,135,36.8783438,30.6260233
10409,195,36.8758609,30.6261679
10412,627,36.8880511,30.7228275
10413,129,36.8867638,30.7270127
10414,1191,36.8870553,30.7335504
10415,201,36.8878916,30.7370297
10416,64,36.8887455,30.7405277
10417,35,36.8896909,30.74412
10418,62,36.8909704,30.7493836
10422,56,36.861543,30.766225
10423,46,36.860673,30.76876
10424,13,36.8604407,30.7704915
10425,36,36.861265,30.773375
10426,13,36.8754604,30.7605984
10428,135,36.8605869,30.7912677
10430,52,36.8653826,30.7786038
10433,18,36.861502,30.76594
10434,25,36.871859,30.763485
10436,36,36.8733106,30.7629446
10438,63,36.8912377,30.7493338
10439,65,36.8897835,30.7435144
10440,239,36.8882084,30.7370623
10441,316,36.887629,30.734525
10442,362,36.8869462,30.7271426
10443,979,36.8882813,30.7232536
10446,437,36.8401715,30.5893439
10447,375,36.8426267,30.5927517
10448,253,36.845157,30.595894
10449,176,36.8484383,30.5963699
10452,955,36.8576425,30.6011883
10453,494,36.858533,30.603811
10454,1181,36.8588247,30.6060131
10455,303,36.8568831,30.608741
10456,720,36.8553655,30.6109993
10457,4,36.8480333,30.6071676
10458,118,36.8815306,30.7200841
10459,138,36.8809696,30.7218972
10460,175,36.8788142,30.7245345
10461,169,36.8751967,30.7284563
10462,0,36.9911219,30.8114334
10463,337,36.8721182,30.7319645
10464,245,36.8690396,30.7352026
10465,428,36.8689756,30.7357578
10466,633,36.8717295,30.7326924
10468,470,36.8755469,30.7283678
10469,194,36.8789334,30.7247764
10470,17,36.8816209,30.7204906
10471,663,36.8533432,30.6142647
10472,228,36.855539,30.6111212
10473,63,36.857065,30.608887
10474,122,36.8591284,30.6059568
10475,66,36.8583749,30.6030323
10476,0,36.9943546,30.8161339
10477,14,36.8444303,30.5955908
10478,1,36.8613957,30.5976141
10479,0,36.9840892,30.8182649
10480,558,36.8550458,30.6018859
10482,0,36.9760275,30.8317202
10483,66,36.8736296,30.7199228
10484,53,36.8735784,30.7222516
10485,80,36.8735644,30.7251472
10486,57,36.8734236,30.7283195
10487,104,36.867029,30.7378593
10488,82,36.8655975,30.7397364
10489,65,36.864044,30.74236
10490,65,36.8616649,30.744386
10491,40,36.8591661,30.7456026
10492,466,36.8589644,30.7459006
10493,189,36.8618502,30.7445127
10494,218,36.864407,30.7422057
10495,203,36.8659262,30.7396714
10496,176,36.8671895,30.7380147
10498,316,36.8735606,30.7287944
10499,209,36.8737568,30.7251
10500,120,36.8737705,30.7222706
10501,56,36.8737933,30.7193103
10502,153,36.8752692,30.7169691
10503,127,36.8772486,30.7146977
10504,578,36.8794453,30.7141283
10505,422,36.8825273,30.713859
10506,0,36.9734411,30.8334395
10507,39,36.8543745,30.6020844
10508,20,36.8523942,30.6021152
10509,19,36.8512651,30.5999976
10511,59,36.850695,30.62268
10512,11,36.854467,30.627775
10514,63,36.861762,30.638041
10515,16,36.864392,30.642623
10516,15,36.866726,30.646051
10517,19,36.868996,30.649496
10518,32,36.871705,30.653655
10519,19,36.873291,30.656086
10520,91,36.875674,30.659314
10521,71,36.8744965,30.732096
10523,47,36.8806807,30.7390321
10524,25,36.8825819,30.7398193
10526,274,36.885833,30.739267
10528,193,36.8803265,30.7383546
10529,238,36.885565,30.696203
10530,17,36.874522,30.73168
10531,110,36.8852789,30.6914785
10532,90,36.8850008,30.6863036
10533,58,36.8848286,30.6822583
10534,52,36.8812378,30.6616427
10535,292,36.876191,30.659585
10536,32,36.871342,30.652884
10538,13,36.867167,30.646435
10539,6,36.864982,30.643115
10541,12,36.857309,30.631075
10542,4,36.854923,30.628067
10543,2,36.850802,30.622689
10544,1,36.8495661,30.6209757
10545,762,36.8957343,30.692062
10546,1948,36.898203,30.690598
10547,333,36.901184,30.688599
10552,136,36.9138804,30.6877488
10553,47,36.915555,30.686488
10554,51,36.91763,30.684965
10555,34,36.9201046,30.6839038
10557,66,36.923561,30.68691
10562,106,36.931953,30.683249
10563,2,36.9324011,30.6785962
10564,4,36.9357356,30.6760061
10566,24,36.9438607,30.689224
10567,89,36.946727,30.687681
10568,85,36.9532336,30.6856669
10569,136,36.9505115,30.6820297
10570,119,36.949558,30.679205
10571,33,36.9429079,30.6740514
10573,44,36.9274571,30.6840589
10574,217,36.9240142,30.6867943
10575,77,36.921325,30.68642
10576,94,36.9173461,30.6849614
10577,140,36.916469,30.685572
10578,91,36.915404,30.686351
10579,246,36.91362,30.687664
10580,60,36.911894,30.68895
10581,23,36.9106169,30.6899813
10583,1155,36.9036814,30.6841812
10584,457,36.9010982,30.6882194
10585,1499,36.8980023,30.6904821
10586,695,36.8955652,30.691939
10587,497,36.8926854,30.6662964
10588,1834,36.8944155,30.6654616
10589,471,36.8986832,30.6658466
10590,347,36.9009891,30.6605217
10591,169,36.9007165,30.6566865
10592,148,36.90542,30.650403
10593,50,36.9080737,30.6487161
10597,213,36.9146596,30.6660395
10598,529,36.917517,30.6673665
10599,3,36.9190048,30.6680354
10601,29,36.931426,30.6698361
10603,28,36.9407046,30.6561864
10604,5,36.947697,30.6586477
10605,12,36.948407,30.654977
10606,4,36.9476522,30.6520214
10607,1,36.9442766,30.6506195
10608,277,36.936865,30.666395
10611,94,36.940428,30.663308
10612,283,36.938915,30.665169
10613,240,36.9343178,30.6677215
10614,197,36.9278169,30.6711245
10616,1188,36.9174854,30.666223
10617,528,36.915672,30.66539
10618,450,36.9134409,30.6643861
10619,450,36.9102042,30.66301
10622,226,36.900181,30.656023
10623,235,36.9006284,30.6604923
10624,61,36.8936805,30.6802143
10625,86,36.8962957,30.6804287
10626,45,36.898752,30.6805715
10627,9,36.902495,30.680806
10628,220,36.9043232,30.6801735
10629,1382,36.909498,30.680035
10630,296,36.911548,30.67846
10632,134,36.9170537,30.6896021
10633,332,36.919665,30.693938
10635,193,36.9255124,30.690785
10636,64,36.925724,30.6870288
10639,18,36.9347011,30.6744109
10640,54,36.9315489,30.6755574
10641,96,36.9284702,30.6829636
10644,466,36.925009,30.691104
10645,185,36.923158,30.691948
10647,359,36.9174084,30.693895
10648,162,36.9175044,30.6915901
10649,275,36.9172169,30.6892876
10650,479,36.9167302,30.6846284
10651,319,36.9149074,30.6807098
10653,618,36.9126276,30.677173
10654,1796,36.9093645,30.6796747
10655,83,36.9041823,30.6822703
10656,66,36.9026618,30.6806488
10657,71,36.9005604,30.6805184
10658,289,36.8962917,30.680259
10659,49,36.893748,30.680025
10660,82,36.861872,30.792868
10661,76,36.8620109,30.7953865
10662,35,36.862082,30.797746
10664,38,36.8623024,30.8016645
10665,22,36.8635113,30.8060345
10667,2,36.8650025,30.809085
10668,2,36.8667675,30.812697
10669,2,36.8679305,30.8150805
10670,10,36.8689399,30.8178958
10672,10,36.877886,30.818397
10673,18,36.8833639,30.8192527
10674,1,36.8856205,30.8201014
10675,21,36.893335,30.821046
10676,16,36.89887,30.819673
10677,39,36.903342,30.817646
10678,11,36.9157471,30.8169123
10680,77,36.922049,30.808307
10681,1,36.9042323,30.8249632
10682,33,36.8888519,30.8205494
10683,18,36.8829515,30.8186526
10684,13,36.877362,30.818278
10685,22,36.8708027,30.819688
10686,118,36.8690984,30.8176609
10688,25,36.867895,30.814461
10689,9,36.8666923,30.8120824
10690,22,36.8647785,30.8080771
10692,137,36.863135,30.804675
10693,292,36.8624916,30.8007973
10694,253,36.8623386,30.7974122
10695,25,36.8621946,30.7952278
10696,53,36.8620447,30.7920778
10697,460,36.9052272,30.6631856
10699,813,36.893802,30.7152523
10700,686,36.8911126,30.7169422
10701,23,36.8921197,30.7530976
10703,10,36.896705,30.760786
10704,52,36.896789,30.760259
10705,39,36.8951501,30.7575854
10706,49,36.8922213,30.7526076
10707,1124,36.891164,30.7173742
10708,814,36.8938396,30.715612
10709,158,36.909847,30.663911
10710,32,36.861463,30.6257724
10711,121,36.8828874,30.6285761
10712,111,36.8847928,30.630359
10713,100,36.887412,30.630417
10714,198,36.8917546,30.633286
10715,108,36.8933375,30.6342426
10716,127,36.8954067,30.6331867
10717,229,36.898627,30.63237
10718,67,36.8999006,30.634414
10719,135,36.9009899,30.6470882
10720,84,36.8933711,30.6753004
10721,143,36.8954082,30.6742315
10722,66,36.8970893,30.6704743
10723,107,36.9012651,30.6420058
10724,21,36.9006736,30.6387533
10725,27,36.900145,30.633747
10726,153,36.8989485,30.6303687
10727,46,36.897073,30.629308
10728,42,36.8871425,30.6302552
10730,28,36.8829691,30.6283248
10731,10,36.8950916,30.629389
10732,44,36.8935384,30.6336926
10733,132,36.892177,30.632397
10734,12,36.8709998,30.8254865
10735,26,36.8717744,30.82886
10736,19,36.8729895,30.8322259
10737,11,36.8763524,30.8330677
10738,6,36.8799327,30.8336781
10739,12,36.8816158,30.8355972
10740,225,36.8816252,30.8351523
10741,58,36.8788977,30.8330069
10742,92,36.8762912,30.8327502
10743,131,36.8733654,30.8320724
10744,228,36.8721608,30.8293755
10745,176,36.8714108,30.826147
10746,64,36.8706565,30.8226065
10747,378,36.918833,30.6724525
10748,186,36.9162904,30.6743879
10749,291,36.9138482,30.6767158
10750,140,36.9154134,30.6755369
10753,301,36.9013019,30.6483744
10755,4,36.8638381,30.6346079
10757,0,36.8678385,30.6328782
10759,0,36.91297,30.6470308
10760,7,36.9162703,30.6461908
10761,241,36.9129335,30.6466276
10762,191,36.9059498,30.649609
10763,565,36.9021388,30.6530473
10764,214,36.9025042,30.6547871
10765,1112,36.902749,30.6566098
10767,263,36.9028765,30.6597242
10768,132,36.9028578,30.6560402
10769,132,36.902285,30.6532297
10770,20,36.912673,30.649048
10771,272,36.9101819,30.6456601
10772,288,36.910321,30.642894
10773,23,36.9106538,30.6362841
10774,32,36.9023651,30.6445957
10775,94,36.901915,30.6501366
10776,8,36.8976201,30.6857053
10777,24,36.9000437,30.6847862
10778,14,36.9456648,30.7863312
10779,16,36.9552905,30.7722817
10780,2,36.9481223,30.7741809
10782,4,36.9349639,30.7750533
10783,39,36.9269691,30.7793017
10785,726,36.888008,30.6965932
10789,33,36.9003882,30.6806995
10791,36,36.898915,30.6735395
10792,60,36.900809,30.673432
10795,121,36.9249575,30.7359788
10796,10,36.913857,30.735757
10798,6,36.940644,30.744519
10800,88,36.950538,30.7441142
10802,27,36.95001,30.72547
10804,456,36.9641235,30.7257158
10806,86,36.9408232,30.7103757
10808,85,36.9362088,30.7070796
10810,70,36.928077,30.714193
10812,183,36.9188005,30.7000445
10814,11,36.9243974,30.7010811
10816,0,36.9259593,30.6950693
10818,41,36.9289812,30.6994545
10826,221,36.900236,30.638531
10828,650,36.920686,30.6650235
10830,410,36.852972,30.6143552
10832,1,36.8417018,30.6123801
10836,155,36.883615,30.7395611
10838,99,36.8808239,30.7315284
10842,6,36.857195,30.817237
10844,22,36.8598723,30.8284273
10846,75,36.8611461,30.8420406
10848,166,36.8576045,30.8837099
10850,114,36.860106,30.8281063
10853,15,36.8570869,30.8167102
10856,34,36.8603014,30.7912007
10860,2,36.878456,30.91125
10862,2,36.9371489,30.8400283
10864,1,36.928353,30.840353
10866,41,36.895527,30.820484
10868,27,36.8727622,30.7858343
10870,55,36.8936695,30.7370901
10871,100,36.893732,30.7367904
10874,10,36.9253691,30.7744579
10876,223,36.9488472,30.7065719
10877,524,36.9457861,30.7085272
10879,42,36.950214,30.713298
10881,45,36.9562161,30.7162987
10882,36,36.9609504,30.7184936
10883,27,36.9643459,30.7210007
10885,7,36.9573238,30.7663189
10886,43,36.9551286,30.7661013
10888,71,36.9496122,30.7597828
10890,18,36.8785566,30.6391124
10892,3,36.8836787,30.6342174
10893,28,36.8835506,30.6344414
10894,27,36.882569,30.63937
10895,15,36.8787148,30.6389545
10897,6,36.9200656,30.7674254
10898,1,36.9238773,30.7657449
10899,15,36.9270596,30.7648603
10901,18,36.9492615,30.7600259
10902,24,36.9504214,30.7627054
10905,46,36.9648375,30.7255682
10907,4,36.9619883,30.7307849
10908,31,36.9541511,30.7433806
10909,103,36.9584367,30.7528611
10910,29,36.9459767,30.7570894
10913,2,36.94686,30.7559477
10914,6,36.9542339,30.7435426
10915,3,36.9563572,30.7435291
10916,23,36.8618749,30.6016185
10919,383,36.9894574,30.7161089
10920,459,36.9853831,30.7152041
10921,561,36.9821594,30.7147952
10922,608,36.9762141,30.7140275
10923,304,36.9732463,30.7137205
10924,412,36.9696202,30.7136982
10925,277,36.9661524,30.7129221
10926,596,36.961965,30.7112174
10927,164,36.9599045,30.7103588
10928,169,36.9561952,30.70874
10929,444,36.952987,30.707897
10931,522,36.9430402,30.7093457
10932,645,36.9412735,30.7098627
10933,848,36.9384491,30.7105897
10934,683,36.9347677,30.7114184
10935,847,36.9320348,30.7120656
10936,432,36.9298114,30.7125611
10937,456,36.9281791,30.7129332
10938,1038,36.9249476,30.7136571
10939,920,36.9210662,30.7144991
10940,1850,36.918698,30.714964
10941,2271,36.9146464,30.7150596
10943,829,36.9079551,30.7156739
10944,805,36.9056987,30.7160017
10946,0,36.8927082,30.6545413
10947,0,36.8918887,30.6456698
10948,19,36.8952896,30.6545229
10949,2,36.8976633,30.6539235
10952,0,36.8997007,30.6553429
10953,1,36.8985249,30.6534262
10954,59,36.8974682,30.6536755
10955,16,36.8954118,30.6541749
10956,38,36.8950544,30.6521254
10957,26,36.8950366,30.6491013
10958,104,36.8922086,30.645437
10959,10,36.8924183,30.6547203
10960,0,36.8924628,30.6583769
10963,653,36.9001611,30.7160021
10964,334,36.9033567,30.7164367
10965,487,36.9057221,30.7163688
10966,184,36.9080748,30.7160623
10967,186,36.9109054,30.7156963
10968,1549,36.914875,30.7155589
10969,567,36.9186755,30.7153624
10970,713,36.9209581,30.714889
10971,644,36.925724,30.7138364
10972,93,36.928469,30.7132195
10973,117,36.931892,30.7124746
10974,145,36.9346171,30.7118733
10975,76,36.9370285,30.7113388
10976,49,36.93915,30.710783
10977,263,36.945982,30.708928
10979,495,36.9530133,30.7082741
10980,52,36.9566009,30.7094187
10981,67,36.9599672,30.710821
10982,37,36.962228,30.711744
10983,32,36.9664395,30.7134484
10985,21,36.9733135,30.7141031
10986,47,36.976465,30.714483
10987,33,36.982045,30.715165
10988,16,36.9858299,30.7157229
10991,165,36.9179684,30.7137565
10992,30,36.9185991,30.7104026
10993,398,36.9191089,30.7063991
10997,71,36.9187562,30.6970146
10999,859,36.9091953,30.640417
11000,2,36.9054389,30.6388687
11001,432,36.90734,30.6422987
11003,646,36.9053953,30.6449423
11004,1,36.9024067,30.6416748
11005,350,36.9074119,30.6637061
11006,114,36.9158513,30.675953
11007,63,36.9165158,30.6779465
11009,11,36.9184182,30.6951549
11010,281,36.9184342,30.7001796
11011,43,36.918839,30.7067012
11012,24,36.91794,30.7121985
11013,555,36.8860405,30.7192439
11014,168,36.883112,30.7185731
11015,280,36.8861275,30.719627
11017,122,36.9841728,30.7052738
11019,76,36.9764847,30.7081745
11020,111,36.9758113,30.7066842
11021,236,36.9745653,30.7039223
11022,233,36.9732273,30.7017035
11023,101,36.9727675,30.6981973
11024,131,36.9715377,30.6964696
11025,51,36.9682329,30.70219
11026,141,36.9666749,30.704392
11027,134,36.9652425,30.7049315
11031,20,36.980995,30.707612
11034,121,36.929421,30.70713
11035,93,36.9244299,30.7073111
11036,141,36.9219112,30.7072458
11037,169,36.9216511,30.7042229
11040,592,36.9172898,30.6943806
11041,445,36.9141902,30.6958043
11042,272,36.9128237,30.6966827
11044,198,36.9004518,30.7031342
11045,181,36.8987168,30.7081578
11047,283,36.9124893,30.6972103
11048,86,36.9149078,30.695628
11049,166,36.9172261,30.6946239
11050,6,36.9206147,30.6962957
11051,6,36.9213929,30.7033056
11052,40,36.9246025,30.7075407
11056,107,36.9287775,30.698855
11057,3,36.927019,30.6954606
11059,33,36.9239203,30.6824839
11061,153,36.9224243,30.6775024
11063,76,36.9222957,30.6717499
11064,681,36.9238847,30.6687198
11065,92,36.9220608,30.6718676
11066,163,36.9212391,30.6750999
11067,29,36.9240681,30.681822
11068,51,36.9232589,30.6851966
11070,1,36.98474,30.7410334
11072,221,36.9598238,30.7274067
11073,505,36.9541011,30.7273001
11074,258,36.9484911,30.7269017
11075,306,36.9444026,30.7248275
11076,111,36.941967,30.724054
11077,448,36.9390352,30.7221314
11078,256,36.93604,30.7189571
11079,32,36.9328803,30.71697
11080,86,36.9306114,30.7157834
11081,242,36.8968771,30.6709529
11082,42,36.9305649,30.7160013
11083,12,36.9345116,30.7179456
11084,38,36.9361604,30.7193743
11085,246,36.9385867,30.7220871
11087,58,36.948604,30.727264
11088,4,36.9824508,30.7410152
11089,55,36.9848002,30.7414888
11090,40,36.9129116,30.6874816
11091,19,36.9118862,30.6847411
11092,94,36.911767,30.6849796
11093,22,36.9315824,30.7206794
11094,121,36.9306162,30.7281829
11095,206,36.9303418,30.731142
11098,15,36.9360042,30.7416404
11100,9,36.9342784,30.7480444
11101,24,36.9303065,30.7483957
11102,91,36.8539717,30.8015441
11104,106,36.8605474,30.8372119
11106,4,36.8989392,30.8377688
11107,11,36.8993637,30.8347115
11108,15,36.9027153,30.8313131
11109,26,36.9043199,30.8208341
11111,133,36.8593902,30.8219385
11112,68,36.8555314,30.8110953
11113,71,36.8540894,30.8012851
11114,2,36.9345888,30.7486379
11115,52,36.936429,30.747949
11116,44,36.9370675,30.745069
11117,55,36.9354967,30.7414256
11118,39,36.9318078,30.73843
11119,298,36.9305199,30.7307948
11121,67,36.9317738,30.7206264
11122,3,36.857672,30.811051
11123,2,36.861681,30.817588
11124,24,36.9042044,30.8208425
11125,8,36.8921144,30.8404397
11126,53,36.8838187,30.8383846
11130,12,36.861824,30.817865
11131,10,36.857727,30.810916
11134,123,36.9402544,30.7476872
11137,85,36.9219439,30.7385104
11139,297,36.9136484,30.7396591
11140,68,36.90938,30.7377524
11142,167,36.9063699,30.7347437
11143,210,36.9043235,30.7340611
11144,135,36.9015902,30.735001
11145,73,36.8993275,30.7355587
11146,113,36.8964289,30.7362125
11147,56,36.890673,30.7375759
11149,12,36.8690623,30.8087625
11150,6,36.8665711,30.8035841
11152,129,36.8894324,30.7385316
11153,19,36.8910311,30.7378978
11154,35,36.8964021,30.7362344
11156,34,36.9220465,30.7388281
11157,24,36.9287615,30.7424752
11158,9,36.9325942,30.7432418
11160,0,36.9365417,30.731178
11162,34,36.9289444,30.6952836
11164,16,36.92878,30.695295
11166,69,36.9492244,30.7133602
11167,45,36.949294,30.716057
11168,14,36.9496321,30.721833
11169,22,36.949737,30.725334
11170,266,36.9192713,30.7340325
11171,342,36.9180027,30.7245641
11173,103,36.917773,30.724554
11174,104,36.9180976,30.7295022
11175,105,36.9189988,30.7338134
11177,4,36.949948,30.722367
11178,6,36.9497239,30.7167106
11181,51,36.9503129,30.7393878
11184,66,36.947499,30.747223
11185,20,36.945636,30.748336
11186,66,36.9415108,30.7505152
11187,40,36.9188057,30.6912373
11188,42,36.9192107,30.6852661
11190,101,36.918775,30.686226
11191,28,36.918409,30.691605
11192,3,36.9458113,30.7485296
11193,1,36.9485861,30.7469401
11194,13,36.950866,30.7429405
11195,7,36.9507179,30.7394236
11198,12,36.911927,30.741478
11200,3,36.914773,30.746961
11201,2,36.916012,30.7498642
11202,49,36.9184949,30.7496192
11203,26,36.9208118,30.7475738
11204,8,36.9233803,30.7457022
11205,16,36.9253567,30.7440298
11206,36,36.9286614,30.7357101
11208,73,36.9044069,30.7225378
11209,64,36.9044941,30.7189158
11210,27,36.9042742,30.7191574
11211,24,36.9042088,30.7221596
11212,38,36.903716,30.7255
11213,37,36.9040392,30.7302307
11215,3,36.9289499,30.7358352
11216,19,36.939896,30.7413479
11217,0,36.9492353,30.7387289
11218,9,36.949479,30.738194
11219,34,36.9396,30.740986
11221,497,36.858857,30.894212
11222,197,36.858954,30.889168
11224,200,36.8564071,30.8757807
11225,317,36.8579485,30.8678432
11226,295,36.8587503,30.8642158
11227,223,36.859047,30.859756
11228,52,36.859519,30.856134
11230,218,36.8615887,30.8414747
11231,204,36.8607261,30.8372355
11232,301,36.8601711,30.8313482
11233,209,36.8821286,30.7136864
11234,273,36.8793184,30.7139263
11235,79,36.8771141,30.7146557
11236,52,36.875301,30.7165158
11239,142,36.8576345,30.8678069
11240,156,36.8567408,30.8715482
11241,77,36.8563284,30.8776953
11242,34,36.8566522,30.8800099
11245,497,36.9062144,30.6513207
11246,405,36.9063615,30.6561444
11247,48,36.9910503,30.7075954
11248,41,36.9720289,30.7181574
11250,33,36.894924,30.6937475
11253,15,36.8987058,30.6996481
11254,83,36.9001696,30.7009222
11255,7,36.8503729,30.7615374
11257,4,36.8526793,30.7813603
11259,7,36.8536956,30.7899815
11265,212,36.9002946,30.7007151
11266,146,36.8989199,30.6995454
11270,7,36.8994982,30.6922494
11271,2,36.8511371,30.8347216
11272,0,36.8517884,30.8409953
11273,434,36.895863,30.673757
11274,200,36.8801559,30.7335887
11275,199,36.8810899,30.7290175
11276,154,36.8800953,30.7248688
11277,1,36.9321234,30.6908481
11278,76,36.9435765,30.6785686
11279,53,36.93813,30.6774095
11280,128,36.934042,30.6815797
11281,93,36.9324615,30.6831944
11282,16,36.9335658,30.6861591
11283,52,36.9310772,30.6887655
11285,40,36.9407584,30.6672713
11287,54,36.9243925,30.677027
11288,7,36.9270361,30.6958044
11290,2,36.9475845,30.6645306
11293,54,36.8954274,30.6945674
11294,1,36.9714719,30.7299165
11295,12,36.9245948,30.6680223
11298,870,36.9441061,30.6447954
11300,3,36.9681062,30.6465989
11302,7,36.9748476,30.6518226
11304,1,36.9776036,30.6554482
11305,37,36.9744446,30.6597287
11306,41,36.8999349,30.62956
11307,11,36.8997925,30.6252896
11309,1,36.901768,30.5908173
11310,11,36.9082129,30.5760755
11311,14,36.9016586,30.5908758
11312,22,36.9015811,30.6150203
11314,6,36.8996944,30.6274383
11316,129,37.0052291,30.5977828
11319,23,37.018211,30.601028
11320,48,37.0207735,30.6014563
11322,180,37.058015,30.595676
11323,21,37.0544731,30.5964907
11324,57,37.052321,30.596937
11325,20,37.050392,30.597351
11326,34,37.0474815,30.5979576
11327,8,37.038833,30.59932
11328,2,37.0377195,30.6005339
11332,110,37.029377,30.600238
11333,153,37.026679,30.600561
11335,497,37.021069,30.601213
11336,127,37.018611,30.6008131
11337,88,37.014934,30.600153
11338,137,37.009633,30.598724
11339,234,37.005093,30.597361
11340,75,36.950087,30.628354
11343,129,37.041185,30.611912
11344,57,37.039629,30.606968
11345,195,37.024089,30.601243
11346,353,37.026703,30.600798
11347,87,37.0295048,30.6004856
11348,68,37.033224,30.600182
11349,73,37.036428,30.599855
11350,4,37.037659,30.600809
11351,10,37.039681,30.607533
11352,0,37.041316,30.612816
11354,25,36.922421,30.819189
11355,20,36.924846,30.824718
11356,10,36.933901,30.821146
11360,11,36.921838,30.818071
11363,0,36.8496845,30.6061647
11366,2,36.9471995,30.856784
11367,32,36.8945059,30.7351007
11369,19,36.9492418,30.7794997
11370,21,36.9490239,30.7850581
11372,17,36.9334584,30.7821916
11373,24,36.9293364,30.7816
11374,16,36.927063,30.779153
11378,4,36.8920528,30.866207
11379,7,36.8829383,30.8643869
11380,18,36.8968793,30.8664264
11381,4,36.9062006,30.8620748
11382,21,36.8812504,30.8640075
11383,6,36.8874785,30.81369
11385,54,36.9530793,30.6252894
11386,18,36.9577925,30.6230181
11388,3,36.9710617,30.6134469
11389,8,36.9757263,30.6098165
11390,16,36.9780703,30.6082129
11391,17,36.9797969,30.6070208
11392,23,36.9826445,30.6051699
11393,8,36.9869639,30.6023185
11394,61,36.9939389,30.5981994
11395,5,36.996816,30.5974626
11396,2,37.0007814,30.5972899
11397,14,37.0410046,30.599301
11398,8,37.0451301,30.5986259
11399,7,37.0483523,30.5981144
11401,0,37.0544921,30.5967152
11403,14,37.0725241,30.6139143
11405,216,37.0484541,30.6170944
11406,192,37.0489383,30.6145003
11407,15,37.0442248,30.6119231
11408,19,36.9987208,30.5970598
11409,77,36.9942605,30.5977276
11410,17,36.9918319,30.5989215
11411,7,36.9899324,30.6000566
11412,20,36.9885001,30.6009889
11413,9,36.9842574,30.6037127
11414,29,36.9819993,30.6052359
11415,41,36.9799757,30.606592
11416,17,36.9757588,30.6094778
11417,12,36.9706214,30.6134886
11418,72,36.9564162,30.6231868
11419,196,36.9436784,30.6437529
11420,45,36.9904526,30.612903
11421,5,37.0477025,30.6162709
11422,9,37.1005328,30.6060741
11423,10,37.0913047,30.6026932
11424,2,37.0903155,30.6020033
11425,15,37.0860226,30.5988106
11426,21,37.0850647,30.5956505
11428,33,36.9424038,30.7032646
11430,168,36.9271796,30.7015383
11431,78,36.9246738,30.7008915
11435,64,36.9002755,30.6946677
11436,175,36.9001512,30.6949954
11448,20,36.9589077,30.777152
11449,8,36.93325,30.637925
11450,130,36.9229217,30.6390463
11451,42,36.915172,30.634071
11452,83,36.904317,30.640523
11456,252,36.909704,30.67853
11459,2,36.9044166,30.6452148
11460,3,36.9066552,30.6420767
11461,5,36.9056921,30.6385069
11463,38,36.923718,30.632869
11465,83,36.9334017,30.6392824
11466,30,36.919977,30.633355
11468,36,36.8941971,30.7213488
11470,0,36.9319007,30.6487053
11471,4,36.9319059,30.650252
11474,32,36.925482,30.64161
11475,111,36.913604,30.644907
11476,106,36.91197,30.645941
11477,42,36.904281,30.64659
11478,43,36.905926,30.644492
11480,14,36.913294,30.645374
11481,6,36.9348943,30.6434393
11482,2,36.9350594,30.6433373
11483,17,36.9323056,30.6284177
11486,117,36.903928,30.704648
11487,32,36.906484,30.720788
11488,49,36.89612,30.725746
11489,37,36.8903278,30.6998381
11490,1,36.9337458,30.6860217
11491,17,36.933054,30.6830996
11500,5,36.9647791,30.6422896
11501,21,36.971545,30.6479143
11502,18,36.9723138,30.6594986
11506,0,36.8908841,30.6445524
11507,0,36.8679873,30.6360886
11508,8,36.8619174,30.6052911
11512,1,36.9121069,30.8403078
11513,1,36.917228,30.847592
11521,3,36.916345,30.780291
11522,13,36.912972,30.7744546
11525,127,36.911626,30.802517
11528,6,36.9306685,30.6854268
11529,4,36.901476,30.831252
11531,33,36.9741901,30.8483474
11532,0,36.9823028,30.8496902
11533,1,37.002548,30.859432
11534,0,37.0064844,30.8612148
11535,1,37.0383278,30.886508
11536,1,37.0289971,30.8805771
11537,2,37.021969,30.873566
11538,2,37.019912,30.871848
11539,1,37.016868,30.869421
11540,1,37.0110399,30.8627276
11541,1,36.994026,30.85396
11542,11,36.9597073,30.8382274
11543,1,36.969192,30.83752
11544,7,36.9394471,30.815609
11545,2,36.955106,30.811056
11546,0,36.9668473,30.784508
11547,0,36.9689778,30.7802875
11548,68,36.96515,30.78747
11549,35,36.962186,30.7925854
11550,8,36.960506,30.7867088
11551,1,36.9599154,30.7822556
11552,3,36.9593228,30.7798603
11553,12,36.9605636,30.7915748
11554,7,36.9606811,30.7945615
11555,118,36.961455,30.798422
11556,10,36.959927,30.803929
11558,80,36.950615,30.81396
11559,94,36.946968,30.814258
11560,36,36.945229,30.814295
11561,7,36.943588,30.814455
11562,15,36.941339,30.815098
11563,8,36.939552,30.815294
11564,30,37.0263813,30.8375542
11565,3,37.0469649,30.8487744
11567,2,37.018758,30.807552
11569,1,36.990205,30.776436
11570,1,36.9996346,30.7779878
11571,11,37.0063586,30.7837412
11572,34,37.0051334,30.7789274
11573,31,37.0032859,30.7759338
11574,30,36.9971596,30.776164
11575,11,37.0147665,30.9009342
11576,0,36.9976593,30.9045094
11577,9,36.9650605,30.9013769
11578,3,36.9618986,30.9008844
11579,1,37.0560128,30.8911161
11580,9,36.9192716,30.865776
11581,7,36.9116261,30.8660929
11583,2,36.8773712,30.9115896
11584,5,36.8756292,30.9149792
11585,26,36.8553393,30.8111805
11586,23,36.8592295,30.8220183
11587,3,36.8598914,30.8304972
11588,13,36.8616063,30.8468994
11589,44,36.8618317,30.8466776
11590,52,36.8584034,30.8646615
11591,311,36.8583783,30.8865723
11592,4,36.8584485,30.8882118
11593,36,36.8588195,30.8934273
11594,15,36.8587506,30.898757
11595,155,36.8587003,30.8984144
11596,14,36.8586597,30.9080374
11597,7,36.8582389,30.9137718
11598,12,36.8611856,30.9207566
11599,302,36.8611775,30.9204415
11600,424,36.8583213,30.9145609
11601,226,36.8587755,30.9078067
11602,4,36.9901659,30.6003525
11603,80,37.0229796,30.6007144
11604,191,37.0328118,30.5999362
11605,33,37.0584374,30.5916924
11606,8,37.0585432,30.5861723
11607,29,37.0640747,30.5887251
11608,51,37.0632749,30.5858833
11609,24,37.0574343,30.5613075
11610,1,37.0495901,30.5611487
11611,13,37.0471422,30.5587871
11612,5,37.0430206,30.556851
11613,3,37.0402021,30.5563119
11614,33,37.0362851,30.5550181
11615,5,37.0315101,30.5512249
11616,6,37.0253932,30.5305419
11617,20,37.034505,30.559213
11618,17,37.0045433,30.5922408
11619,19,37.0040401,30.5897975
11620,4,37.0020128,30.5897089
11621,1,36.99745,30.5848652
11622,2,36.9890509,30.5797139
11623,9,36.989296,30.5740046
11624,10,36.9888076,30.5698866
11625,33,36.9821981,30.5699575
11626,19,36.980886,30.5724876
11627,11,36.9796361,30.5744034
11628,4,36.9670421,30.5886655
11629,6,36.9639438,30.5971884
11630,28,36.9615665,30.601055
11631,30,36.9603988,30.6026398
11632,15,36.9585796,30.6058006
11633,22,36.957476,30.6079912
11634,3,36.953919,30.6179545
11635,3,36.9531261,30.6208106
11636,10,36.893284,30.6010766
11637,12,36.894554,30.596186
11638,34,36.8908106,30.5756053
11639,33,36.887961,30.574413
11640,29,36.8862413,30.5737849
11641,1,36.880749,30.5707445
11642,3,36.8783047,30.5692157
11643,4,36.8734954,30.5629991
11644,2,36.8692323,30.5566527
11645,15,36.8641833,30.5476962
11646,14,36.8609127,30.5411164
11647,18,36.8562387,30.5342058
11648,6,36.8517405,30.5295906
11649,15,36.848732,30.526743
11650,3,36.77262,30.469307
11651,0,36.740204,30.448586
11652,1,36.7118192,30.4377402
11653,1,36.680764,30.4313284
11654,2,36.690517,30.373736
11655,1,36.7580467,30.4212957
11656,2,36.75809,30.415291
11657,1,36.7910989,30.4356532
11658,5,36.864049,30.529849
11659,11,36.869283,30.523318
11660,6,36.87172,30.518137
11661,14,36.8663047,30.5515599
11662,1,36.871969,30.554943
11663,3,36.8715121,30.5644728
11664,113,36.871028,30.568328
11665,5,36.874839,30.568349
11666,9,36.887397,30.559557
11667,5,36.8863542,30.5500385
11668,5,36.8877153,30.5480123
11669,7,36.890495,30.547771
11670,20,36.895304,30.545503
11671,0,36.902087,30.53789
11672,0,36.903678,30.540558
11673,32,36.902283,30.543715
11675,66,36.9042503,30.542636
11677,22,36.9101416,30.5743496
11679,32,36.849969,30.597675
11681,41,36.888549,30.627934
11682,70,36.900761,30.641648
11683,276,36.9186414,30.6731526
11684,78,36.9214757,30.6704521
11685,7,36.921844,30.67417
11686,299,36.9149209,30.6809268
11687,96,36.9164915,30.68435
11688,148,36.9174489,30.6864439
11689,219,36.9175571,30.6863805
11690,88,36.9208816,30.6960337
11691,27,36.923308,30.692167
11692,12,36.934882,30.703424
11693,6,36.9370659,30.7035162
11694,100,36.9383317,30.7031528
11696,65,36.9184624,30.7095315
11697,87,36.9137272,30.7400607
11698,7,36.9268805,30.7478172
11700,6,36.93244,30.77005
11701,8,36.9374,30.77358
11702,7,36.94158,30.77712
11703,7,36.9499111,30.7738306
11706,49,36.955095,30.7663081
11707,41,36.9668211,30.7563819
11708,30,36.9720344,30.7411082
11709,26,36.9712979,30.7346441
11710,122,36.9692177,30.728747
11712,14,36.9641843,30.7592442
11713,4,36.960294,30.7427618
11714,16,36.9646943,30.7417323
11715,32,36.9452934,30.8435323
11717,1,37.0271449,30.9039038
11718,0,37.0296855,30.9026133
11719,0,37.0349895,30.9019552
11720,1,37.0508849,30.8925855
11722,2,37.0594142,30.8115635
11724,1,36.8816193,30.9536338
11725,5,36.881882,30.9565747
11727,91,36.8963889,30.6757366
11728,6,36.8963905,30.6757356
11729,130,36.904663,30.710458
11730,7,36.9411354,30.6760809
11731,32,36.9412189,30.6756158
11734,5,36.9922108,30.5990808
11736,47,37.0729764,30.5913942
11738,7,37.0307811,30.6272049
11740,274,36.9362653,30.8164333
11741,4,36.9768761,30.5771799
11742,2,36.9770333,30.57738
11743,14,37.038357,30.602714
11744,6,36.982644,30.620125
11745,69,36.914645,30.735262
11746,144,36.920805,30.670222
11747,225,36.892871,30.684273
11751,4,36.868141,30.784128
11752,2,36.72535,30.37085
11754,30,36.918614,30.735408
11757,3,37.0267752,30.6215504
11759,7,36.9471208,30.8398968
11800,29,37.0413949,30.5989394
11801,46,36.9775467,30.6205848
11802,16,36.9930071,30.6051058
11803,243,37.036902,30.599531
11804,41,37.0086229,30.5987087
11805,34,37.0126816,30.600023
11806,40,36.9566714,30.8071995
11807,39,36.9490729,30.8140499
11808,101,36.947536,30.8386323
11809,149,36.9468565,30.8470383
11810,502,36.851809,30.763016
11811,17,37.115639,30.802562
11812,1,37.092166,30.86527
11813,1,37.061186,30.888542
11815,245,36.9495659,30.8458609
11816,2,36.9217121,30.8647597
11817,7,36.9080645,30.815981
11818,20,36.9021342,30.8178103
11819,1,36.8856641,30.7353364
11821,52,36.901933,30.6211458
11822,5,36.903318,30.86244
11823,36,36.948486,30.76018
11824,10,36.93724,30.757736
11825,186,36.922745,30.766494
11826,14,36.925831,30.776168
11828,8,36.8872474,30.571715
11829,31,36.900995,30.616846
11830,24,36.8683838,30.5723935
11831,43,37.0097924,30.7876918
11835,188,36.926167,30.689598
11836,4,36.9264015,30.6852339
11837,164,36.9126733,30.70582
11838,1,36.912126,30.747123
11839,0,37.046655,30.649845
11840,2,37.026506,30.678381
11841,15,37.025835,30.672507
11843,20,37.1552866,30.639768
11844,3,36.898164,30.5426586
11845,8,36.8975162,30.5435813
11846,13,36.895616,30.837483
11847,6,36.9534585,30.6206438
11848,2,36.9160102,30.767948
11849,72,36.989243,30.7255048
11850,74,36.9897465,30.7229808
11851,86,36.92152,30.69275
11852,38,36.855009,30.806266
11853,68,36.85491,30.806508
11854,115,36.8821973,30.6492791
11855,4,36.926799,30.695814
11856,59,36.8896136,30.6670836
11857,141,36.9188237,30.7032827
11858,66,36.9185449,30.703571
11859,52,36.903805,30.700896
11860,251,36.8308379,30.5963215
11861,18,37.0153738,30.6308308
11863,42,36.8587034,30.86193
11864,6,36.8992493,30.8341476
11865,40,36.9370167,30.7317999
11866,13,36.923018,30.8214876
11867,15,36.9869913,30.7667115
11868,127,36.8841131,30.6424555
11869,148,36.9050125,30.6786921
11871,74,36.9033764,30.6730626
11872,41,36.9038242,30.672963
11873,27,36.8811481,30.7221386
11874,71,36.8831412,30.7165301
11875,4,36.8833364,30.7153793
11876,165,36.8912954,30.7052112
11877,22,36.894541,30.7572004
11878,262,36.877769,30.7105059
11879,10,36.8472446,30.6105158
11880,1,36.8811224,30.734171
11881,10,36.8600984,30.6041482
11882,24,37.2199547,30.646309
11883,98,36.90714,30.701555
11884,173,36.9302203,30.7841305
11885,2,36.9518284,30.7148481
11886,0,36.9028098,30.8579388
11887,2,36.9111603,30.847906
11890,1020,36.9118161,30.71521
11891,16,36.8427328,30.5927783
11892,23,36.8403179,30.5893371
11893,6,36.8836261,30.8385947
11894,174,36.9063809,30.6997019
11897,0,36.9220402,30.7106051
11900,129,36.896714,30.631409
11901,58,36.8964393,30.7259849
11902,360,36.8897337,30.6258258
11903,4,37.0251691,30.5385748
11904,56,36.9471458,30.8500317
11905,1,36.9473152,30.8495113
11906,80,36.8736859,30.7159722
11907,75,36.8858358,30.6474552
11908,76,36.9035048,30.6234092
11909,6,36.9146742,30.5675629
11910,23,36.9111828,30.744004
11911,3,36.9428414,30.9006664
11913,0,36.9402067,30.9238997
11914,0,36.9388883,30.9374878
11916,15,36.9768139,30.7301101
11917,171,36.9811143,30.7072523
11918,19,36.8904202,30.7460907
11919,41,36.937006,30.6478682
11922,39,36.8891052,30.7406036
11924,21,36.9475426,30.6419258
11925,230,36.9077878,30.6882516
11926,52,36.8564447,30.6010355
11927,154,36.8522735,30.6022009
11928,123,36.9124696,30.7097387
11929,21,36.8702699,30.8223888
11930,40,36.8861919,30.7317516
11932,49,36.9896608,30.7319474
11933,4,36.9894487,30.7314244
11934,2,36.9889795,30.7262772
11935,1,36.9894787,30.7218275
11936,4,36.9884106,30.716594
11937,13,36.9791173,30.7148402
11938,295,36.9794043,30.7144862
11939,44,36.969344,30.714089
11940,173,36.9483784,30.7082501
11941,1280,36.947969,30.707944
11942,73,36.9433481,30.709695
11943,36,36.9301538,30.7128769
11948,57,36.8774622,30.7354692
11949,42,36.8770481,30.735437
11950,35,36.8860495,30.7395017
11951,35,36.9104858,30.6395105
11952,69,36.9102606,30.639548
11953,52,36.910053,30.643051
11954,22,36.9099432,30.6459102
11955,17,36.900577,30.673655
11956,55,36.8948628,30.6837508
11957,2,36.8949593,30.6835308
11958,22,36.887654,30.642231
11959,59,36.8873417,30.6406986
11960,38,36.8877987,30.6449017
11961,61,36.888121,30.645443
11962,458,36.9090274,30.6908411
11963,5,36.9646549,30.7420406
11964,11,36.9622031,30.7445994
11965,2,36.9624646,30.744704
11966,33,36.9601799,30.7425931
11967,25,36.9561913,30.743312
11968,3,36.9585082,30.7525495
11969,0,36.9568986,30.748722
11970,28,36.9571193,30.7487783
11971,13,36.9534842,30.7582116
11972,1,36.9534241,30.7583135
11973,56,36.946663,30.755865
11974,0,36.9460183,30.7572782
11975,10,36.9424405,30.7575116
11976,1,36.9425906,30.7576215
11977,13,36.964402,30.759275
11978,2,36.9668987,30.7572273
11979,26,36.9669694,30.7569993
11980,1,36.9704539,30.7607195
11981,2,36.9700102,30.760191
11982,1,36.9723139,30.7607624
11983,5,36.9725046,30.760572
11984,2,36.9748489,30.7518092
11985,9,36.9747525,30.751777
11986,1,36.9752732,30.7560551
11987,5,36.9752196,30.7563099
11988,5,36.957338,30.7665238
11989,13,36.9609301,30.7633159
11990,21,36.9609686,30.7635787
11991,29,36.9201122,30.7672855
11992,11,36.9158836,30.7677173
11993,24,36.9229215,30.7665238
11994,2,36.9719625,30.7183406
11995,1,36.9686238,30.7196978
11996,18,36.9686452,30.718995
11997,3,36.9671108,30.7242736
11998,3,36.9671687,30.7245499
11999,2,36.9757896,30.7344446
12000,108,36.9761967,30.734627
12001,33,36.9692452,30.7289407
12002,204,36.9667218,30.7277217
12003,89,36.9664808,30.7278142
12004,18,36.959927,30.727621
12005,24,36.9739168,30.731934
12006,1,36.9740239,30.7323095
12007,13,36.9640076,30.7259581
12008,3,36.9887652,30.7057288
12011,54,36.9638833,30.6996348
12012,6,36.964073,30.6996362
12016,22,36.9868197,30.707039
12017,5,36.9871112,30.7070779
12018,116,36.912787,30.6483725
12019,137,36.9128398,30.6548457
12020,4,36.9127426,30.6552811
12021,64,36.9136362,30.6567409
12022,10,36.9135633,30.656985
12023,14,36.9129589,30.6605122
12024,36,36.913034,30.660254
12027,48,36.8991185,30.6733407
12028,273,36.9087618,30.6478423
12031,3,36.8758422,30.9122428
12032,85,36.9706188,30.6997824
12033,10,36.9706939,30.699769
12034,10,36.9713297,30.6967645
12035,41,36.9743496,30.703921
12036,27,36.9757745,30.7072335
12037,21,36.97862,30.708064
12038,84,36.9785623,30.7078156
12039,0,36.9828476,30.7237479
12040,22,36.9829698,30.7235441
12041,21,36.9725,30.698144
12042,29,36.982522,30.7407665
12043,4,36.913542,30.743548
12044,12,36.940313,30.747885
12045,3,36.9412732,30.7503846
12046,13,36.946504,30.740012
12047,2,36.946387,30.740465
12048,12,36.950559,30.736404
12049,79,36.950151,30.73637
12050,15,36.950302,30.729915
12051,20,36.956307,30.727727
12052,131,36.9564913,30.7275379
12053,220,36.951077,30.727254
12054,101,36.915762,30.646684
12055,4,36.91382,30.743537
12056,21,36.914708,30.746665
12057,10,36.916107,30.749362
12058,21,36.918351,30.749319
12059,18,36.920789,30.747202
12060,5,36.922985,30.745554
12061,28,36.9263051,30.7438001
12062,121,36.929048,30.741994
12063,20,36.931198,30.74207
12064,2,36.9368709,30.744755
12065,23,36.9316139,30.738661
12066,27,36.920011,30.737111
12067,66,36.9202711,30.7372447
12068,248,36.90393,30.725582
12069,109,36.916156,30.732833
12070,77,36.916065,30.733178
12071,1,36.92713,30.73742
12072,7,36.927263,30.7379207
12073,56,36.883111,30.718305
12074,0,36.944137,30.89033
12075,0,36.921127,30.806076
12076,5,36.92673,30.809193
12077,0,36.926808,30.808709
12078,115,36.909035,30.698834
12079,199,36.904653,30.71472
12080,45,36.9159865,30.7405921
12081,53,36.9363221,30.6791267
12082,11,36.938255,30.677727
12083,75,36.9061729,30.7349703
12084,20,36.909632,30.738144
12085,110,36.909014,30.650159
12086,41,36.90862,30.654798
12087,39,36.908115,30.658506
12089,247,36.909611,30.698214
12090,76,36.9132914,30.7201096
12091,336,36.9123816,30.702765
12092,17,36.873487,30.646845
12093,70,36.873763,30.651759
12094,141,36.873696,30.651836
12095,111,36.8771258,30.6517246
12096,6,36.8769502,30.6515417
12097,8,36.8751057,30.6373656
12098,4,36.8737444,30.6344863
12099,7,36.87053,30.6299227
12100,40,36.8693208,30.6279575
12101,15,36.8683852,30.6251551
12102,17,36.9076464,30.6727183
12103,11,36.9057049,30.6675613
12104,25,36.9053427,30.6667938
12105,500,36.9027123,30.6597107
12106,49,36.9053084,30.6600069
12107,121,36.9049515,30.6600238
12108,62,36.8487349,30.8082993
12109,285,36.851724,30.8010974
12110,55,36.8542673,30.7993942
12111,17,36.95387,30.8461049
12112,0,36.9582896,30.8445975
12114,94,36.9174181,30.6916003
12115,32,36.8995217,30.7357728
12116,29,36.9046757,30.7341441
12117,25,36.9015186,30.7353243
12118,4,36.8944462,30.7354316
12119,58,36.8937516,30.7274252
12120,78,36.9065593,30.7205591
12121,29,36.9059948,30.7178846
12122,162,36.907494,30.7254484
12123,33,36.9073825,30.7256147
12124,186,36.9039165,30.7292088
12125,155,36.9079615,30.728769
12126,33,36.90791,30.7290264
12127,31,36.9004683,30.6983697
12128,30,36.9002369,30.6985562
12129,6,36.899275,30.6915829
12130,15,36.8942091,30.7308309
12131,7,36.8942146,30.7318108
12132,4,36.8935627,30.7273687
12133,17,36.8857993,30.6477127
12135,4,36.9297622,30.6317202
12136,17,36.924143,30.7318257
12137,28,36.9235647,30.7259526
12138,27,36.9229831,30.7203468
12139,142,36.9087699,30.6549727
12140,104,36.9083785,30.6580052
12143,48,36.9199279,30.6837751
12144,258,36.9006392,30.7034997
12145,58,36.9016747,30.7258978
12146,58,36.9016525,30.7262395
12147,203,36.9080768,30.7099389
12148,96,36.9066862,30.7094287
12149,39,36.9297142,30.6315013
12150,238,36.9091679,30.6498803
12153,1379,36.8957704,30.7099936
12154,114,36.9234039,30.7205306
12155,258,36.9239571,30.7260922
12156,175,36.9243087,30.7298418
12157,162,36.9243474,30.7378644
12158,52,36.9044737,30.7139547
12159,75,36.9036999,30.7046746
12160,36,36.9177609,30.6818134
12161,1,36.9345243,30.6301352
12162,172,36.934146,30.6301656
12163,427,36.9330558,30.6331467
12164,9,36.9332608,30.6343019
12165,12,36.9409085,30.649058
12166,78,36.9346513,30.657087
12168,27,36.8935199,30.66773
12172,180,36.9315707,30.7417272
12173,17,36.8883757,30.6280762
12174,19,36.8846447,30.6301803
12175,127,36.8936812,30.6303729
12176,31,36.8952403,30.6331375
12177,154,36.8900619,30.6255396
12178,37,36.8799326,30.7250506
12179,21,36.880853,30.7290286
12180,18,36.8802915,30.7324534
12181,17,36.9020345,30.6498447
12184,416,36.9060203,30.6802185
12185,19,36.9073904,30.6723951
12186,4,36.9288609,30.6881657
12187,11,36.9492821,30.6826836
12188,0,36.9431393,30.7067024
12189,21,36.9402581,30.7052554
12190,12,36.9397608,30.7046077
12192,23,36.9330064,30.7029044
12193,137,36.9330418,30.7026979
12195,35,36.9350529,30.7032397
12196,568,36.9066606,30.6846755
12197,847,36.9036978,30.6845287
12198,56,36.9292768,30.6879913
12199,14,36.9841747,30.7054315
12200,6,36.968282,30.70249
12201,14,36.9663207,30.7046588
12202,23,36.9651822,30.705103
12203,23,36.9636605,30.70674
12204,22,36.9638619,30.7069358
12205,7,36.985243,30.7099989
12206,1,36.9851744,30.7097951
12207,18,37.058504,30.5891878
12208,57,37.0584242,30.5861157
12209,57,37.0447005,30.598368
12210,302,37.024857,30.600855
12211,26,37.0148287,30.6004547
12212,25,37.0126511,30.5997053
12213,1,37.0875716,30.8804344
12214,3,37.029394,30.8082777
12215,15,37.0301177,30.6266894
12216,1,36.9283442,30.6792634
12217,21,36.9389271,30.6691815
12218,1196,36.8986422,30.6658309
12219,66,36.9296647,30.662823
12220,202,36.9380117,30.6532269
12222,34,36.899488,30.6247881
12223,14,36.9406354,30.6633781
12224,30,36.9065203,30.6556735
12225,26,36.9390687,30.665254
12226,15,36.9367471,30.6666967
12227,15,36.9347313,30.667738
12228,2,36.9410342,30.6673035
12229,1,36.939049,30.669283
12230,24,36.9366286,30.6713134
12231,3,36.9367315,30.6714287
12232,1,36.943732,30.6481726
12233,60,36.9439908,30.6505034
12234,50,36.9472541,30.6521182
12235,53,36.9480054,30.6544101
12236,35,36.9379664,30.6540627
12237,2,36.9387189,30.6544289
12238,0,36.9439271,30.6480975
12239,39,36.9475717,30.6577478
12240,12,36.9474952,30.6642967
12241,2,36.9474674,30.6612283
12242,28,36.9473794,30.6611732
12243,10,36.9409656,30.656167
12244,5,36.9450676,30.6663728
12245,43,36.9453387,30.6659905
12246,0,36.9441815,30.6579489
12247,14,36.943895,30.6587717
12248,29,36.9275744,30.8012825
12249,10,36.9146173,30.7786567
12250,42,36.9022038,30.7653958
12251,74,36.9092816,30.7713276
12252,1,36.9138164,30.7756111
12253,42,36.9195388,30.785735
12254,79,36.871067,30.8199091
12255,20,36.8658967,30.8208224
12256,13,36.8655769,30.8210744
12257,42,36.8684541,30.8207882
12258,9,36.8684423,30.8211313
12259,85,36.895622,30.8207832
12260,24,36.892918,30.8208183
12261,39,36.8891351,30.8208679
12262,13,36.9039005,30.8294886
12263,20,36.9004847,30.8184835
12264,14,36.8981842,30.8197012
12265,29,36.9280997,30.6645971
12266,97,36.9374358,30.6526827
12267,78,36.9321306,30.6587981
12268,201,36.9241426,30.6671049
12269,16,36.8964651,30.6314156
12270,50,36.8928377,30.621789
12271,98,36.89293,30.621565
12272,24,36.882201,30.624999
12273,25,36.8819505,30.6250426
12274,6,36.882231,30.620453
12275,17,36.8820106,30.620558
12276,15,36.883966,30.618472
12277,22,36.8838814,30.6182727
12278,10,36.887799,30.619966
12279,27,36.8877086,30.6195817
12280,11,36.888694,30.622183
12281,12,36.8888456,30.6218373
12282,9,36.862112,30.638471
12286,46,36.926958,30.695965
12287,361,36.919838,30.6935141
12288,24,36.92129,30.69317
12289,14,36.9209659,30.7000587
12291,24,36.9221067,30.6991038
12292,3,36.9221067,30.6994257
12293,4,36.928043,30.701677
12294,102,36.930287,30.701458
12295,2,36.930283,30.701671
12296,39,36.9250615,30.6765625
12297,8,36.9281576,30.6736282
12298,2,36.927928,30.673765
12299,1,36.9320363,30.6730917
12300,16,36.9321456,30.6728932
12301,78,36.930713,30.669899
12302,38,36.928159,30.671103
12303,1,37.0841931,30.592899
12304,3,37.0844713,30.5931834
12306,2,37.0828065,30.5886719
12307,5,36.9342382,30.7073543
12308,5,36.93642,30.707296
12309,11,36.932176,30.707344
12310,134,36.932118,30.707118
12312,0,36.932934,30.710052
12313,32,36.92946,30.707286
12314,253,36.927014,30.707132
12315,12,36.927041,30.707373
12316,81,36.933831,30.70716
12317,3,36.938811,30.707283
12318,74,36.938647,30.707075
12319,25,36.941898,30.713663
12320,2,36.942146,30.713734
12321,4,36.940285,30.719005
12322,10,36.940033,30.718944
12323,36,36.932377,30.678403
12324,35,36.939213,30.673391
12325,3,36.939186,30.673589
12326,1,36.942835,30.674222
12327,12,36.9437593,30.6793954
12328,30,36.9355607,30.67603
12329,18,36.9404459,30.6697584
12330,1,36.9348909,30.6743845
12331,1,36.9310635,30.6761187
12332,12,36.9282991,30.6789309
12333,14,36.9290065,30.6763714
12334,2,36.9892923,30.7241449
12335,283,36.9633561,30.7096314
12336,46,36.9635876,30.7097897
12337,4,36.989785,30.7193813
12338,37,36.9898192,30.7201698
12339,176,36.9027142,30.6473098
12340,357,36.9031596,30.6470299
12341,2,36.9024779,30.6449636
12342,60,36.9092611,30.6409038
12343,137,36.9034198,30.6517569
12344,75,36.9036377,30.6511191
12345,328,36.851273,30.6003071
12346,21,36.8619353,30.6018737
12347,18,36.8603451,30.6042796
12353,3,36.8605153,30.6063892
12355,71,36.8525938,30.5983846
12356,101,36.8559588,30.5975935
12357,3,36.860446,30.6017507
12358,4,36.8593167,30.6000308
12359,12,36.8483886,30.5961766
12360,41,36.8388698,30.5902954
12361,6,36.8387852,30.5901203
12364,308,36.8499254,30.5980918
12365,41,36.9151888,30.659694
12366,3,36.9152875,30.6618318
12367,23,36.9155775,30.6621061
12368,3,36.9152508,30.6598825
12369,4,36.909226,30.6601755
12370,24,36.9090544,30.6599549
12371,69,36.8841933,30.6457198
12372,15,36.8802253,30.645638
12373,54,36.8824576,30.6456378
12376,40,36.8842125,30.6415271
12377,13,36.8824923,30.6454836
12378,1,36.8747057,30.6273251
12379,22,36.875637,30.6369532
12381,13,36.8765834,30.6417793
12382,14,36.878461,30.6424156
12383,98,36.878485,30.6425418
12384,80,36.8858915,30.6388238
12385,18,36.886008,30.639076
12386,116,36.8879747,30.6338295
12387,28,36.8882664,30.6339315
12388,7,36.883005,30.639531
12389,16,36.921468,30.686632
12390,16,36.924601,30.676833
12393,15,36.9259212,30.6721475
12394,68,36.925821,30.672135
12395,28,36.924769,30.67986
12396,3,36.9272635,30.6842095
12398,76,36.925817,30.688024
12399,101,36.922678,30.677847
12400,7,36.9285929,30.6831044
12403,101,36.875577,30.654404
12404,6,36.878087,30.655815
12406,64,36.897724,30.714647
12407,34,36.9216928,30.7069761
12408,398,36.9053621,30.6641063
12409,139,36.9034425,30.7006272
12410,217,36.907099,30.684074
12411,4,36.9014586,30.7221171
12414,12,36.891239,30.718402
12415,11,36.898318,30.722747
12416,3,36.8918446,30.7192204
12417,11,36.893915,30.7215
12418,71,36.898759,30.722577
12419,33,36.864018,30.786755
12420,553,36.8571067,30.8714679
12421,16,36.8607507,30.8512494
12422,20,36.86384,30.786615
12423,22,36.916139,30.736735
12424,8,36.916268,30.736931
12425,11,36.918727,30.735675
12426,11,36.9145648,30.735724
12427,415,36.918294,30.729955
12428,50,36.9176493,30.7215655
12429,84,36.9175864,30.7188288
12431,159,36.909236,30.693079
12432,28,36.946681,30.847185
12433,1,36.945181,30.843132
12434,0,36.9468672,30.8400539
12435,53,36.934078,30.810777
12436,7,36.915771,30.816633
12437,3,36.908021,30.815661
12439,7,36.905513,30.816636
12440,8,36.921229,30.817404
12441,9,36.923139,30.821301
12442,11,36.921915,30.825125
12443,2,36.9220015,30.8248886
12444,4,36.9249542,30.8245292
12445,46,36.9340323,30.8208653
12446,9,36.935602,30.8199613
12447,0,36.9359018,30.8199775
12448,2,36.9456667,30.8324156
12449,8,36.9431784,30.8280673
12450,0,36.9742339,30.8480308
12451,0,36.9824362,30.8494577
12452,1,36.994074,30.8542106
12453,0,37.0023769,30.8591055
12454,1,37.0065667,30.8610985
12455,0,37.0106791,30.8628151
12456,0,37.016618,30.8695072
12457,2,37.0198412,30.8721492
12458,1,37.0217857,30.8733079
12459,1,37.0289936,30.8807322
12460,2,37.0383943,30.886629
12461,9,37.0435722,30.8879179
12462,0,37.043249,30.8878722
12463,5,37.0560889,30.8909139
12464,4,37.0507438,30.8925742
12465,43,37.0350917,30.9017473
12466,3,37.0291863,30.9028175
12467,23,36.9973408,30.9045771
12468,0,36.9618388,30.900999
12469,0,36.9649827,30.9015005
12470,442,36.8811762,30.6261354
12471,2,36.8350199,30.5951762
12472,115,36.8827811,30.625808
12473,1,36.9020955,30.6215315
12474,1,36.9034576,30.6235835
12475,2,36.9010338,30.6172427
12476,2,36.9017827,30.6148503
12477,12,36.9026811,30.6117255
12478,0,36.9029365,30.6113155
12479,0,36.9027862,30.6194234
12480,28,36.9026961,30.619528
12481,31,36.8998752,30.627379
12482,13,36.9038808,30.6215762
12483,2,36.9038372,30.6213814
12484,157,36.9119013,30.7027784
12487,26,36.9089171,30.744922
12488,105,36.9225389,30.7158094
12489,49,36.922923,30.7155874
12490,32,36.9030714,30.6790355
12491,7,36.9029508,30.6791469
12492,38,36.900562,30.6766188
12493,19,36.9004393,30.6767283
12494,16,36.8990144,30.6744948
12495,13,36.8989329,30.6746838
12496,11,36.897702,30.6734494
12497,34,36.8977329,30.6732615
12498,1,36.9256769,30.7461229
12499,11,36.9258449,30.745483
12500,3,36.928475,30.7486603
12501,13,36.9284278,30.7483759
12502,13,36.9303232,30.7486817
12503,18,36.927033,30.747814
12504,25,36.92455,30.736111
12505,11,36.923922,30.738351
12506,6,36.9255203,30.7393154
12507,4,36.9188882,30.7402145
12508,10,36.919046,30.739609
12509,97,36.916126,30.740266
12510,15,36.925478,30.742389
12511,79,36.925793,30.742556
12512,14,36.932987,30.717256
12513,83,36.954208,30.727537
12514,17,36.934387,30.717765
12515,116,36.928222,30.714605
12516,411,36.93141,30.723552
12517,81,36.931176,30.72358
12518,40,36.925786,30.776409
12519,10,36.92718,30.773259
12520,6,36.927177,30.773441
12521,4,36.93317,30.782475
12522,20,36.9317468,30.7833198
12523,9,36.930262,30.784227
12524,15,36.93158,30.783247
12525,28,36.973034,30.701813
12526,9,36.925362,30.634309
12527,0,36.925378,30.634458
12528,12,36.928386,30.634704
12529,83,36.928221,30.634447
12530,52,36.912429,30.637287
12531,7,36.912454,30.637506
12532,33,36.910742,30.641179
12533,3,36.91085,30.64133
12534,25,36.911212,30.64563
12535,354,36.915241,30.643877
12536,22,36.9153432,30.6440433
12537,82,36.90654,30.670191
12538,15,36.906873,30.670528
12539,15,36.908459,30.675407
12540,181,36.90854,30.67518
12542,5,36.9233525,30.7140061
12543,7,36.915458,30.69279
12544,41,36.915427,30.693108
12545,7,36.913931,30.689581
12546,92,36.913862,30.689759
12547,3,36.931962,30.682913
12548,28,36.950557,30.683543
12549,19,36.952826,30.687169
12551,6,36.941956,30.750625
12552,12,36.933545,30.746802
12553,6,36.936232,30.748211
12554,142,36.937505,30.749043
12555,46,36.937156,30.749494
12556,4,36.947522,30.747478
12557,8,36.909011,30.743084
12558,56,36.9234447,30.6842282
12559,33,36.925174,30.686946
12560,4,36.924828,30.688973
12562,37,36.892634,30.635926
12563,4,36.892644,30.635603
12564,9,36.88924,30.637979
12565,3,36.889465,30.638271
12567,16,36.835979,30.605393
12568,0,36.9008837,30.5958817
12569,5,36.9007936,30.5960882
12570,26,36.903586,30.586207
12571,0,36.9037342,30.5862525
12572,0,36.905373,30.582485
12574,5,36.906814,30.577958
12575,0,36.906866,30.578069
12576,8,36.9112257,30.5729595
12577,0,36.9114123,30.5730534
12578,0,36.9138378,30.5692688
12579,15,36.913835,30.569047
12580,0,36.912483,30.570943
12581,16,36.912483,30.570817
12582,0,36.910223,30.574557
12583,0,36.908432,30.576091
12584,0,36.902583,30.606364
12585,5,36.902541,30.606644
12586,19,36.876142,30.555713
12587,7,36.8676821,30.5541358
12588,1,36.867772,30.553937
12589,16,36.875656,30.557173
12590,12,36.871378,30.564639
12591,14,36.873509,30.562777
12592,0,36.874046,30.558437
12593,15,36.874226,30.553619
12594,1,36.874308,30.553526
12595,0,36.875816,30.557104
12596,1,36.876232,30.555703
12597,14,36.869064,30.556688
12598,11,36.871886,30.555082
12599,34,36.945864,30.65165
12600,2,36.94589,30.651503
12601,1,36.893762,30.579415
12602,2,36.884487,30.572444
12603,3,36.884552,30.572271
12604,3,36.886172,30.573905
12605,9,36.932813,30.668843
12606,78,36.932705,30.668679
12607,27,36.93446,30.672813
12608,2,36.934429,30.673065
12609,79,36.8988954,30.7252687
12610,16,36.9046758,30.732347
12611,214,36.9097738,30.7693374
12612,48,36.9104364,30.7692918
12613,172,36.85682,30.879852
12614,2,36.8868591,30.6809667
12615,3,36.8858143,30.5551282
12616,4,36.8859409,30.5512738
12617,5,36.885785,30.551297
12618,10,36.885568,30.555382
12619,5,36.885974,30.558239
12620,6,36.8859538,30.5583951
12621,3,36.9909033,30.7075125
12622,15,36.892698,30.830002
12623,9,36.89257,30.825414
12624,55,36.892433,30.825835
12625,3,36.89226,30.840575
12626,89,36.898578,30.630495
12627,0,36.901161,30.598955
12628,1,36.905469,30.81631
12629,42,36.896991,30.62958
12630,11,36.908102,30.66151
12631,12,36.9082189,30.6611854
12632,8,36.89419,30.626158
12633,10,36.901054,30.599068
12636,39,36.930688,30.6853
12637,6,36.930076,30.683909
12638,1,36.929813,30.683957
12639,10,36.927484,30.680235
12640,4,36.9016,30.601394
12641,0,36.90164,30.601217
12642,6,36.969524,30.619795
12643,20,36.972757,30.622574
12644,8,37.060425,30.585551
12645,1,37.06061,30.585708
12646,4,36.912903,30.775764
12647,4,36.9052,30.768069
12648,4,36.906627,30.769166
12649,14,36.8823565,30.7229182
12650,1,36.8823858,30.7231068
12651,0,36.884861,30.7245
12652,19,36.884846,30.724222
12653,0,36.885929,30.726692
12654,7,36.885985,30.726383
12655,0,36.884025,30.733827
12656,76,36.910021,30.739959
12657,3,36.901378,30.759559
12658,8,36.879076,30.735477
12659,0,36.916041,30.676075
12660,3,36.917805,30.681501
12661,20,36.918291,30.640045
12662,76,36.917518,30.639801
12663,12,36.924059,30.639232
12664,8,36.9314874,30.6322711
12665,18,36.9318669,30.6321343
12666,50,36.912678,30.634447
12667,21,36.862535,30.544382
12668,1,36.862652,30.544307
12669,2,36.871773,30.518342
12670,1,36.869458,30.523237
12671,4,36.863836,30.530372
12672,0,36.861592,30.536153
12673,51,36.861384,30.536099
12674,1,36.86096,30.540927
12675,1,36.864231,30.547509
12676,1,36.866285,30.551231
12677,1,36.8981983,30.5428544
12678,8,36.9000108,30.5432755
12679,33,36.9021492,30.5381069
12680,0,36.9020248,30.5438253
12682,27,36.9369244,30.7863936
12683,66,36.9351002,30.781422
12684,58,36.9307216,30.7690635
12685,6,36.9390683,30.7929596
12686,2,36.9388389,30.7940754
12687,11,36.9377155,30.7906636
12688,7,36.9362749,30.7862112
12689,89,36.9332056,30.77603
12691,23,36.9342628,30.7804994
12693,30,36.9325572,30.7756754
12694,13,36.9301171,30.768847
12695,4,36.929225,30.76607
12696,6,36.9298052,30.7662098
12697,3,36.9272332,30.7578207
12698,3,36.9396267,30.7570269
12699,0,36.9397608,30.7571173
12700,11,36.9274029,30.7573131
12701,34,36.9286204,30.7607442
12702,47,36.9293368,30.7642915
12703,12,36.928832,30.764178
12704,13,36.9283261,30.7616026
12705,7,36.9240045,30.750702
12706,24,36.9225372,30.7482896
12707,43,36.9230888,30.7486134
12708,20,36.9243345,30.7505619
12709,0,36.9356532,30.7584557
12710,5,36.9357345,30.7582518
12711,17,36.9247398,30.7448113
12712,2,37.0227279,30.5856142
12713,1,37.0346036,30.5593661
12714,1,37.0399798,30.556429
12715,1,37.0429492,30.5570325
12716,1,37.0471175,30.5589691
12717,7,37.0494059,30.5608091
12718,2,37.0344066,30.552977
12719,2,37.0345949,30.5532988
12720,1,37.031623,30.5509841
12721,1,37.0304004,30.5497182
12722,2,37.0302591,30.5499891
12723,0,37.0285525,30.5470708
12724,1,37.0283384,30.5471996
12725,1,37.0253168,30.5385253
12726,3,37.0249058,30.5337268
12727,0,37.025015,30.5338395
12729,24,36.9492476,30.7056965
12730,0,36.951496,30.7027412
12732,27,36.9517142,30.7002574
12735,0,36.952062,30.6972611
12737,0,36.9490033,30.7015242
12738,26,36.948797,30.694869
12744,15,36.943123,30.707018
12745,8,36.944772,30.7046
12746,0,36.944678,30.704822
12747,1,36.94247,30.703445
12748,20,36.940246,30.703017
12749,2,36.940067,30.70323
12750,18,36.93926,30.671031
12751,1,36.93925,30.671178
12754,13,36.94484,30.688636
12755,5,36.944157,30.68548
12756,182,36.920106,30.6674215
12757,8,36.96174,30.601397
12758,44,36.919902,30.74449
12759,13,36.960374,30.603221
12760,5,36.958248,30.607268
12761,65,36.939655,30.651249
12762,31,36.937807,30.649929
12763,8,36.9378,30.650193
12764,19,36.915628,30.678962
12765,1,36.916658,30.678053
12767,2,36.942839,30.666943
12768,164,36.990268,30.717529
12769,21,36.989437,30.705501
12770,2,36.989491,30.705742
12771,215,36.990199,30.715305
12772,4,36.990127,30.715129
12773,39,36.990039,30.717351
12774,12,36.950454,30.733465
12775,15,36.971054,30.734835
12776,7,36.964544,30.72126
12777,4,36.960835,30.718334
12778,13,36.956141,30.716152
12779,3,36.952702,30.715263
12780,29,36.952749,30.715485
12781,2,36.949933,30.712795
12782,9,36.9493847,30.7091485
12783,2,36.9495764,30.7136789
12784,5,36.9498746,30.7193035
12785,32,36.9322764,30.7408846
12786,118,36.932538,30.7410079
12787,74,36.9500961,30.7338252
12788,133,36.9490528,30.7088841
12795,1,36.9397394,30.7877627
12796,14,36.9730254,30.7708395
12797,1,36.9610479,30.8008158
12798,7,36.9608743,30.8008722
12799,18,36.9397457,30.7877605
12803,28,36.9441963,30.787437
12804,27,36.9504426,30.784744
12805,9,36.9502025,30.7846662
12806,6,36.9498038,30.782228
12807,3,36.9499485,30.7823501
12808,18,36.9511735,30.7792669
12809,20,36.9509849,30.7791838
12810,7,36.9568396,30.7783899
12811,42,36.9568706,30.7782704
12812,21,36.957512,30.7714787
12813,17,36.9574194,30.7716548
12814,4,36.8794069,30.7546821
12815,15,36.8794747,30.7548248
12816,4,36.8773763,30.758115
12817,13,36.8775501,30.757989
12818,3,36.8754581,30.760293
12819,13,36.8732287,30.7626853
12820,3,36.8718899,30.7632916
12821,55,36.867725,30.7637933
12822,6,36.8667765,30.7552424
12823,1,36.8667608,30.754961
12824,11,36.865592,30.757887
12825,1,36.8654698,30.7578089
12826,2,36.8642961,30.7604397
12827,0,36.8636408,30.7614175
12828,20,36.8626242,30.7651934
12829,2,36.8627165,30.7648876
12830,1,36.9669351,30.7394388
12831,49,36.9710796,30.7298204
12832,3,36.9710068,30.7299492
12833,5,36.9719796,30.726237
12834,7,36.9467364,30.7686481
12835,9,36.9467064,30.7690075
12836,3,36.9418348,30.770759
12837,15,36.9410814,30.7710943
12838,8,36.9391355,30.7723381
12840,2,36.9337384,30.7731645
12841,2,36.9327962,30.769864
12842,30,36.9196739,30.7447433
12844,6,36.9235819,30.8248913
12845,2,36.9233289,30.8247545
12846,7,36.9303103,30.822641
12847,3,36.9303382,30.8228474
12848,5,36.9276326,30.8236789
12849,8,36.9276795,30.8238694
12850,40,36.9002659,30.818926
12851,47,36.8573369,30.8837807
12852,68,36.8580561,30.8867026
12854,37,36.8755462,30.9152523
12855,27,36.8752867,30.9126924
12856,7,36.8769344,30.9114789
12857,16,36.8785263,30.9110305
12858,13,36.8916397,30.866432
12859,9,36.8829037,30.8645059
12860,1,36.8813519,30.8638853
12861,4,36.8970164,30.8662107
12862,1,36.9080556,30.849103
12863,0,36.9080023,30.8487442
12864,0,36.9111743,30.8476338
12866,3,36.9029685,30.8581963
12867,3,36.9062892,30.8619412
12868,0,36.9032216,30.8623484
12869,4,36.9115903,30.8658031
12870,1,36.9190317,30.8657119
12871,2,36.921472,30.8645907
12872,4,36.9367337,30.8570001
12873,4,36.9368795,30.8571825
12874,3,36.9443315,30.8144902
12875,18,36.9507791,30.814133
12876,12,36.9698924,30.7780787
12877,23,36.9710196,30.7752088
12878,0,36.9711268,30.7753804
12879,0,36.9700939,30.7781431
12880,0,36.9652764,30.7873163
12881,23,36.9615473,30.7980988
12882,1,36.9637848,30.7900843
12883,3,36.9623467,30.7925037
12884,1,36.9595154,30.8040532
12885,10,36.9550146,30.8108446
12886,4,36.9579381,30.8057699
12887,4,36.9580152,30.8058691
12888,10,36.9491586,30.8142523
12889,2,36.9567635,30.8074007
12890,14,36.9412186,30.8152837
12891,3,36.9535785,30.8121482
12892,23,36.9534799,30.8119819
12893,1,36.9452402,30.8144656
12894,28,36.9474738,30.8143315
12896,0,36.9478039,30.7579005
12897,3,36.9479089,30.757549
12898,1,36.9373383,30.7578066
12899,4,36.9338715,30.7575679
12900,6,36.9338168,30.7573532
12901,9,36.9125828,30.634803
12902,51,36.9136654,30.6779248
12903,101,36.910391,30.6366789
12904,34,36.9139649,30.6593272
12905,1,36.9138121,30.6593374
12906,1,36.9112854,30.6617808
12907,9,36.9114208,30.6619981
12908,8,36.9156797,30.6656279
12909,1,36.9074975,30.6375328
12910,5,36.9074802,30.6374177
12911,54,36.9065953,30.6387004
12913,9,36.9271089,30.6901444
12914,26,36.9273222,30.6902372
12915,39,36.9282402,30.6916796
12916,6,36.9282241,30.6918109
12917,13,36.9298782,30.6941805
12918,1,36.9297528,30.6941109
12919,48,36.9273985,30.6880744
12920,1,36.9468393,30.8564261
12921,0,36.9458275,30.8681044
12924,76,36.9307306,30.7365984
12925,55,36.9309514,30.7365045
12926,1,36.9366865,30.7391223
12927,27,36.9369459,30.7391706
12929,24,36.9429244,30.7310352
12930,30,36.9453838,30.7312875
12931,272,36.9326508,30.7257115
12932,73,36.9363951,30.7289745
12933,74,36.9366222,30.7291338
12934,68,36.9441223,30.7251341
12935,25,36.9419938,30.7242868
12936,5,36.9373254,30.7313547
12937,2,36.9376969,30.6745305
12938,36,36.9374669,30.6744704
12939,47,36.9256618,30.6742048
12940,34,36.9260957,30.6721615
12941,8,36.9257248,30.6743932
12942,4,36.9261834,30.67216
12943,0,36.9709703,30.7281843
12944,4,36.9709682,30.7279027
12945,8,36.9702253,30.7305212
12946,2,36.9703724,30.730491
12947,0,36.976216,30.6924036
12950,8,36.9591211,30.7658907
12951,8,36.9592219,30.7655046
12952,4,36.9744889,30.7677013
12953,0,36.9745532,30.7677844
12955,11,36.9715103,30.7504413
12957,142,36.9843153,30.7439798
12958,2,36.9840925,30.7441408
12959,2,36.9003132,30.6691381
12960,13,36.9009502,30.6714824
12961,2,36.9310071,30.6891072
12962,12,36.9272764,30.6887075
12963,510,36.9328898,30.7254277
12964,17,36.9429186,30.666751
12965,1,36.9748424,30.9019472
12966,96,36.9213549,30.7008112
12967,4,36.8873375,30.7509965
12968,73,36.9134571,30.7679037
12969,11,36.9132853,30.7676108
12970,21,36.8733426,30.5695048
12971,16,36.8730303,30.5694243
12972,1,36.8872689,30.7512245
12973,5,36.8355951,30.5909571
12974,10,36.835417,30.5918449
12975,11,36.8821264,30.7535445
12976,17,36.8609394,30.8226236
12977,5,36.8607164,30.8223915
12978,7,36.9138999,30.6803471
12979,13,36.911962,30.681696
12980,22,36.8536299,30.6081125
12981,19,36.8515824,30.6087589
12982,7,36.8500113,30.6110469
12983,2,36.934251,30.6413317
12984,12,36.9339722,30.6413612
12985,1,36.9325208,30.6377295
12987,1,36.9878526,30.5618766
12988,0,36.8703515,30.5703282
12989,4,36.8701884,30.5703282
12990,3,36.893891,30.5548707
12991,3,36.8937538,30.5549243
12992,2,36.8939897,30.5502787
12993,5,36.8940369,30.5505321
12994,2,36.8944531,30.5480042
12995,3,36.8945775,30.5481652
12996,0,36.9011111,30.5932209
12997,11,36.9008494,30.5934945
12998,8,36.9020463,30.6036252
12999,1,36.9021621,30.6034428
13000,4,36.8994981,30.6203005
13001,705,36.8307494,30.5963271
13003,150,36.8609426,30.6249141
13006,358,36.9317202,30.6282042
13007,650,36.918398,30.66451
13008,388,36.9838261,30.7481939
13009,194,36.8487068,30.8088573
13010,148,36.9441938,30.8526937
13011,91,36.9482796,30.7053585
13013,575,36.886184,30.731681
13014,340,36.8665705,30.9221563
13501,16,36.8996354,30.6201074
13502,12,37.0968764,30.6215397
13503,5,37.0967751,30.622107
13504,21,37.0524499,30.59733
13505,1,37.0505919,30.5977377
13506,25,36.9986669,30.5974051
13507,7,36.9886603,30.6012809
13508,6,36.9843689,30.6040034
13509,26,36.9779217,30.6079891
13510,15,36.9257262,30.7849801
13512,6,36.9812591,30.5726214
13513,7,36.849391,30.8110404
13514,4,36.8818862,30.7533917
13515,14,36.989939,30.619698
13516,26,36.992925,30.601401
13517,12,36.973503,30.611079
13518,3,36.973529,30.61133
13519,2,36.95255,30.622713
13520,1,36.9542022,30.6179884
13521,17,37.0383569,30.603298
13522,1,37.045925,30.6126294
13523,117,36.890992,30.631201
13524,28,36.890805,30.631208
13525,37,36.896664,30.689001
13526,15,36.8964973,30.6888363
13527,19,36.9075562,30.7364965
13528,3,36.8854411,30.7370383
13529,278,36.9309106,30.7272428
13530,308,36.9306855,30.7274466
13531,191,36.9369051,30.7239382
13532,46,36.9371453,30.7240188
13533,20,36.939622,30.731333
13534,11,36.889216,30.679811
13535,40,36.890441,30.62399
13536,20,36.8907549,30.6243533
13537,1,36.868521,30.572132
13538,8,36.8939168,30.6243292
13539,114,36.861132,30.851119
13540,8,36.893887,30.62405
13541,307,36.9077149,30.6626579
13542,61,36.9778959,30.6229237
13543,53,36.977026,30.6238517
13544,109,37.0486138,30.6148288
13545,3,37.0481857,30.617806
13546,15,36.9364057,30.6549439
13547,32,36.9077407,30.7102537
13548,150,36.90782,30.7036179
13549,138,36.9143568,30.6362489
13550,156,36.9487728,30.8476606
13551,140,36.857587,30.757745
13552,32,36.925819,30.726316
13553,49,36.9285586,30.7258347
13554,142,36.9237192,30.7233912
13557,0,36.956891,30.756972
13559,4,36.966519,30.739713
13560,2,36.972188,30.744845
13561,100,36.8792901,30.7356677
13562,11,36.8975955,30.6670326
13563,58,36.897426,30.666918
13564,73,36.9512722,30.7275459
13565,18,36.9057149,30.7188864
13566,1,36.849341,30.818658
13567,10,36.8495133,30.8197361
13568,0,36.8496679,30.8251676
13569,10,36.8498825,30.8252239
13570,2,36.850672,30.82934
13571,37,36.85078,30.829006
13572,23,36.8512862,30.8345902
13573,10,36.8518135,30.8409915
13574,16,36.8492751,30.8142457
13575,2,36.8491485,30.81453
13576,7,36.8491914,30.8114508
13577,13,36.8539261,30.7929516
13578,3,36.8544654,30.7868024
13579,4,36.8550249,30.7849216
13580,4,36.9877004,30.7341817
13581,32,36.9886441,30.7342655
13582,9,36.9894529,30.7340637
13583,18,36.9232813,30.7232977
13584,10,36.9257234,30.7265411
13585,14,36.9258034,30.7265642
13586,1,36.9728083,30.583701
13587,1,36.9729761,30.584029
13588,4,36.8634181,30.7757773
13589,9,36.8635229,30.776139
13590,1,36.8601112,30.7639408
13591,8,36.8598795,30.7636297
13592,8,36.8536385,30.76264
13593,10,36.8537759,30.7624978
13594,5,36.8565334,30.7634702
13595,8,36.8563985,30.7632408
13596,1,36.8497113,30.7760028
13597,1,36.8484874,30.7723066
13598,2,36.8478027,30.7677952
13599,2,36.8475601,30.763568
13601,51,37.0717174,30.6179965
13602,4,37.0737676,30.6228808
13603,8,37.0793807,30.624313
13604,115,37.0797637,30.6241951
13605,17,37.0860846,30.6230632
13606,14,37.0858728,30.6228995
13607,5,37.0904345,30.618946
13608,40,37.0902718,30.6187958
13609,36,37.0894567,30.6121332
13610,31,37.0895316,30.612565
13611,24,37.0793229,30.6131765
13612,32,37.0785633,30.6136996
13613,30,37.0724344,30.6143004
13614,3,37.0664226,30.6014982
13615,32,36.9428488,30.6600494
13616,125,36.9425123,30.6602157
13617,29,36.9300059,30.6418064
13618,12,36.9212317,30.6396392
13619,110,36.9198744,30.6394273
13620,7,36.9153111,30.6398323
13621,71,36.9155683,30.6396601
13622,4,36.914286,30.6369275
13624,7,36.955996,30.845242
13626,9,36.9032817,30.6529564
13628,17,36.9060635,30.6524843
13629,18,36.9130851,30.6643799
13630,12,36.908991,30.6629277
13631,22,36.9075498,30.7024539
13632,35,36.9083176,30.7073248
13634,56,36.9318255,30.7180287
13635,37,36.932047,30.7179463
13636,73,36.941773,30.711194
13637,1,36.942054,30.711263
13638,22,36.931822,30.733834
13639,28,36.931177,30.733606
13640,5,36.9721425,30.6230471
13641,10,36.9825905,30.5698159
13642,4,36.9795972,30.5749256
13643,6,36.9896693,30.5755505
13644,0,37.0243747,30.6685856
13645,3,37.0226294,30.6642136
13646,0,37.020339,30.650191
13647,44,36.8988353,30.6803686
13648,45,36.9247077,30.6797168
13650,77,36.9077385,30.7363489
13651,22,36.9882425,30.8136475
13652,9,36.9871241,30.813618
13653,0,37.0186826,30.8100185
13654,2,36.9155813,30.8479637
13655,7,37.156022,30.6424046
13656,12,37.0652284,30.593288
13657,6,36.843788,30.614702
13658,10,36.8863142,30.8394879
13659,2,37.157467,30.6775549
13660,9,37.0889624,30.8256558
13662,4,37.032745,30.8093184
13663,6,37.0556694,30.8481032
13664,6,36.9099068,30.6342909
13665,2,36.9032602,30.63413
13666,4,36.9065074,30.6342077
13667,1,36.9087294,30.6344304
13668,1,36.9767839,30.7304374
13675,3,36.9255997,30.7529706
13676,7,36.9253231,30.7531825
13677,36,37.0180979,30.6370267
13678,24,37.0179437,30.6374881
13680,66,36.9047831,30.7319206
13681,14,36.9717868,30.741075
13682,0,36.9693824,30.7271275
13683,4,36.9694424,30.7268754
13684,8,36.8658517,30.623849
13685,47,36.8658967,30.6240556
13688,2,36.943847,30.741003
13689,0,36.9335478,30.6423214
13690,16,36.9332648,30.6417582
13691,23,36.9272464,30.6445557
13692,0,36.9321661,30.646333
13693,11,36.9320929,30.6459165
13694,31,36.917483,30.642219
13695,2,36.9172518,30.6431341
13697,245,36.9130947,30.7176365
13699,9,36.8605064,30.771587
13702,0,36.9862071,30.620051
13703,11,36.9865949,30.6202066
13705,2,37.0261992,30.5413228
13706,4,36.9035884,30.6402508
13707,10,36.9037771,30.6399369
13708,5,36.8957208,30.8376667
13709,9,36.9315232,30.6606225
13710,15,36.9252201,30.6392127
13711,14,36.964808,30.7282432
13712,5,36.9073675,30.7479549
13713,4,36.8893111,30.8404079
13714,4,37.0585912,30.5918074
13715,8,36.8921471,30.838061
13716,2,36.8922307,30.8381583
13717,11,36.8921449,30.8215815
13718,19,36.9894958,30.6168968
13719,6,36.8966324,30.6786761
13720,33,36.896538,30.6786868
13721,0,36.8514558,30.8386564
13722,3,37.0297216,30.5681047
13723,2,37.03003,30.5681369
13724,2,36.86668,30.588519
13725,1,36.8668473,30.5884331
13726,2,36.8519387,30.8442623
13727,3,36.8520902,30.8440493
13728,10,36.8521511,30.8467782
13729,6,36.8515839,30.8384743
13730,0,36.8512739,30.8367128
13731,1,36.8894634,30.8406386
13732,10,36.9459292,30.7058857
13733,0,36.9460054,30.7062653
13734,5,36.9342035,30.6776296
13745,24,36.8911031,30.6800552
13746,83,36.8834697,30.631002
13747,87,36.9071564,30.6428128
13748,96,36.9313266,30.6390089
13749,27,36.9258248,30.6364701
13750,279,36.9328381,30.6363857
13751,3,36.9724457,30.6499469
13752,7,36.9734672,30.6520046
13753,14,36.9761839,30.6532997
13754,34,36.9382623,30.7906851
13755,32,36.9891273,30.7282192
13756,54,36.9897615,30.7296434
13757,261,36.8801683,30.7221928
13758,23,36.9495104,30.719407
13759,46,36.9499067,30.7297024
13760,25,36.9404254,30.7163879
13761,5,36.9406996,30.7165811
13762,177,36.9181593,30.7267272
13763,75,36.9246669,30.7335004
13764,27,36.943939,30.7405573
13765,29,36.9270001,30.7428878
13766,11,36.8806182,30.6396741
13767,72,36.911719,30.6406638
13768,140,36.8783332,30.7191426
13769,18,36.9859136,30.602665
13770,27,36.9338437,30.6775335
13771,25,36.9459143,30.8505143
13772,6,36.9755068,30.765231
13774,0,36.9485681,30.8964312
13775,1,36.9800901,30.7629511
13776,11,36.9405733,30.7447013
13777,4,36.9414758,30.6708467
13778,12,36.9364164,30.6731025
13779,0,36.9361741,30.6734109
13780,19,37.0232825,30.5976572
13781,11,37.0233768,30.5978182
13782,26,36.9030736,30.6602386
13783,25,37.0844542,30.8112416
13784,0,36.9989646,30.8567935
13786,0,37.1394276,30.6737574
13787,7,37.0043969,30.5947042
13788,5,37.087409,30.5997869
13789,1194,36.8940843,30.7057966
13790,0,36.8899579,30.7507296
13791,4,36.8900298,30.7505646
13792,8,36.8902316,30.7464631
13793,2,36.8933205,30.7495615
13794,5,36.8979783,30.7482164
13795,3,36.8990906,30.746139
13796,4,36.8959632,30.7405225
13797,6,36.906042,30.729976
13798,50,36.8787477,30.7186128
13799,91,36.8783504,30.716287
13800,105,36.8786347,30.7157791
13802,1,36.8689867,30.7383928
13803,1,36.8684049,30.7410379
13804,0,36.8681271,30.7442388
13805,3,36.8681821,30.7463616
13806,0,36.8701754,30.7464984
13807,18,36.8675933,30.7635496
13808,22,36.8654755,30.779173
13809,38,36.8649786,30.7831498
13810,16,36.8660567,30.7850827
13811,4,36.8660693,30.7853682
13812,5,36.887365,30.840136
13813,4,36.885443,30.819736
13814,5,36.9037766,30.8297294
13815,2,36.9216839,30.8150931
13816,66,36.836901,30.59088
13817,2,36.836879,30.59067
13818,310,36.913981,30.803038
13819,1,36.913518,30.805219
13820,10,36.913303,30.805613
13821,30,36.954377,30.624303
13822,470,36.8671287,30.7255835
13823,27,36.9568919,30.7568484
13825,7,36.936497,30.780505
13826,14,36.944633,30.775382
13827,6,36.972665,30.747234
13828,3,36.986128,30.731966
13829,3,37.056746,30.619965
13830,20,36.9798498,30.6899827
13831,1,36.906087,30.634333
13832,1,36.9036077,30.6342542
13833,6,36.9283678,30.6320818
13834,3,36.9284932,30.6320766
13835,30,37.057571,30.617584
13836,2,36.9998631,30.5881164
13837,1,36.9997362,30.5881681
13838,0,37.002257,30.589666
13839,4,37.003967,30.589956
13840,19,37.004656,30.592645
13841,8,37.004528,30.594842
13842,7,36.9850958,30.7071272
13843,54,36.9851824,30.7069692
13844,12,36.983095,30.712267
13845,0,36.983062,30.712124
13846,2,36.982017,30.714284
13847,1,36.981853,30.714276
13848,11,36.850258,30.5280425
13849,8,36.8505799,30.5285575
13850,9,36.8401781,30.5184443
13851,3,36.977849,30.82896
13852,22,36.982714,30.825701
13854,30,36.905111,30.666201
13856,11,37.068647,30.609482
13857,4,37.065939,30.596899
13858,47,37.0653611,30.5932814
13859,128,36.937702,30.815772
13860,2,37.018836,30.642168
13861,1,37.0190917,30.6413645
13862,45,36.9124395,30.6471391
13863,15,36.912593,30.65187
13864,158,36.912692,30.651348
13865,3,36.8937887,30.5861039
13866,18,36.893607,30.585989
13867,11,36.893928,30.580124
13868,15,36.891214,30.575667
13869,2,36.882603,30.571686
13870,4,36.882349,30.571365
13871,15,36.887156,30.571067
13872,27,36.9931774,30.6011013
13873,5,36.9921119,30.6093954
13874,10,36.991924,30.609441
13875,89,36.990162,30.613226
13876,51,36.989672,30.616637
13877,3,36.989745,30.620142
13878,20,36.988629,30.627034
13879,3,36.983987,30.625757
13880,0,36.934947,30.627906
13881,118,36.934796,30.62806
13882,14,36.930266,30.6294416
13883,3,36.9268144,30.6347486
13884,12,36.9266908,30.6347948
13885,10,36.9259221,30.6365774
13886,3,36.928474,30.638863
13887,2,36.931202,30.6397
13888,6,36.937047,30.648298
13889,3,36.933085,30.655143
13890,4,36.920226,30.633548
13891,5,36.916945,30.636169
13892,29,36.916802,30.63595
13893,2,36.9022304,30.6415733
13894,71,36.9023528,30.646731
13895,10,36.902761,30.669583
13896,7,36.8836594,30.631608
13897,21,36.902669,30.701728
13898,27,36.902626,30.702023
13899,46,36.917778,30.718089
13900,115,36.917833,30.720832
13901,36,36.917978,30.72681
13902,3,36.864991,30.764361
13903,1,36.864771,30.76435
13904,23,36.911285,30.743927
13905,2,36.9115686,30.7470131
13906,41,36.918328,30.742691
13907,47,36.914061,30.735056
13908,23,36.924264,30.733093
13909,11,36.9322,30.690518
13911,7,36.98474,30.727133
13912,0,36.984554,30.727138
13913,7,36.983867,30.725494
13914,0,36.983886,30.725747
13915,2,36.981784,30.717461
13916,2,36.981634,30.717341
13917,18,36.969711,30.701217
13918,100,36.9695321,30.700856
13919,7,36.965749,30.69987
13920,55,36.966191,30.699746
13921,102,36.9643624,30.702876
13922,8,36.964535,30.703191
13923,27,36.975028,30.694061
13924,2,36.975218,30.693923
13925,15,36.9523046,30.7056953
13926,6,36.944851,30.645173
13928,1,36.971942,30.726461
13929,6,36.966921,30.7252
13930,0,36.966697,30.725345
13931,3,36.964895,30.724067
13932,11,36.95839,30.717701
13933,7,36.961316,30.732827
13934,9,36.964003,30.73529
13935,8,36.963017,30.740614
13936,2,36.972341,30.744428
13937,7,36.981715,30.762381
13938,0,36.981678,30.762638
13939,5,36.957733,30.749824
13940,0,36.957848,30.749848
13941,24,36.9473255,30.7323973
13944,16,36.937559,30.734726
13945,25,36.9369715,30.7369149
13946,13,36.936696,30.737024
13947,5,36.932807,30.743151
13948,16,36.933648,30.745824
13949,24,36.932176,30.747833
13950,11,36.9322953,30.7480283
13951,12,36.938403,30.784631
13952,1,36.938495,30.784639
13953,2,36.938995,30.798096
13954,3,36.938563,30.799362
13955,2,36.934391,30.80254
13956,8,36.934328,30.803051
13957,1,36.99727,30.584891
13958,12,37.056585,30.564243
13959,35,37.0409021,30.6120498
13960,4,37.044735,30.612835
13961,20,37.0460138,30.6125497
13962,1,37.021208,30.656047
13963,1,36.8659228,30.5835939
13964,0,36.866025,30.583291
13965,37,36.871045,30.567804
13966,14,36.873444,30.560786
13967,0,36.873582,30.560878
13968,3,36.89455,30.605035
13969,11,36.894622,30.605485
13970,3,36.867287,30.575145
13971,0,36.867433,30.57489
13972,2,36.88924,30.568337
13973,8,36.892164,30.562631
13974,1,36.892521,30.562206
13975,7,36.889723,30.560925
13976,3,36.889823,30.560867
13977,9,36.892564,30.546778
13978,8,36.892845,30.546806
13979,5,36.894318,30.546425
13980,1,36.894463,30.54647
13981,0,36.867324,30.527296
13982,4,36.867304,30.52698
13983,22,36.869114,30.458532
13984,4,36.876123,30.458908
13985,4,36.875761,30.4655
13986,14,36.872594,30.787521
13987,39,36.940042,30.762267
13988,1,37.019603,30.80762
13989,14,37.02188,30.80483
13990,17,37.076099,30.84634
13991,5,37.085527,30.840661
13992,27,37.1615804,30.6720262
13993,12,37.182674,30.667975
13994,18,37.202057,30.671631
13995,18,37.189823,30.499254
13996,7,37.201067,30.499767
13997,15,36.96332,30.620816
13998,22,36.963322,30.619344
13999,2,36.989041,30.728852
14006,30,37.004299,30.6582243
14007,0,37.023017,30.601438
14008,36,37.211459,30.692049
14010,0,37.043826,30.623222
14011,1,36.752932,30.412923
14013,6,36.883594,30.777032
14014,23,37.219983,30.64644
14015,195,36.852315,30.847389
14016,5,37.05216,30.620273
14017,2,37.204141,30.679204
14019,4,36.958451,30.774159
14020,7,36.935904,30.731953
14022,39,36.903673,30.817522
14024,5,36.865292,30.633592
14025,9,36.865056,30.633844
14026,74,37.051047,30.892565
14027,12,37.093111,30.850691
14029,115,36.953846,30.686263
14030,35,36.874639,30.714061
14031,64,37.090202,30.619316
14032,9,37.090356,30.619394
14035,54,36.888477,30.711807
14038,5,36.907128,30.699711
14039,12,36.892652,30.829822
14040,1,36.873706,30.718182
14042,25,36.982764,30.762108
14043,37,36.875966,30.657256
14044,119,36.890952,30.676249
14045,29,36.920753,30.739035
14046,8,36.920474,30.738757
14047,16,36.82375,30.483105
14049,42,36.944793,30.644223
14050,36,36.895692,30.665791
14051,124,36.948935,30.705858
14053,0,36.841354,30.611899
14059,136,36.943116,30.749764
14062,3,37.064244,30.807944
14065,18,36.85534,30.79786
14067,62,36.87745,30.911442
14073,350,36.848601,30.808799
14074,12,37.057599,30.732668
14075,5,36.847043,30.611554
14076,10,37.120132,30.702393
14077,2,37.034387,30.700906
14079,40,36.8744562,30.8055204
14080,55,37.019529,30.807642
14081,1,36.8392875,30.3335616
14082,2,36.908208,30.8763165
14083,20,37.212976,30.475158
14085,0,37.160598,30.463224
14086,1,36.899717,30.6563587
14088,2,36.858769,30.792569
14100,13,37.0011672,30.5970274
14101,2,36.9625237,30.5996583
14102,12,37.0578082,30.5960204
14103,0,37.052429,30.6013971
14104,7,37.084537,30.612567
14105,17,37.0841377,30.6131205
14106,22,37.071311,30.62134
14107,6,37.068268,30.621788
14108,0,37.0480014,30.6011231
14109,5,37.0446156,30.5575463
14110,1,37.0449175,30.557792
14111,0,36.9000853,30.6531621
14115,0,36.8998276,30.6465411
14116,0,36.897702,30.6467231
14117,0,36.8976685,30.6466029
14118,0,36.8944347,30.6456661
14119,0,36.895489,30.6453893
14121,0,36.8925741,30.6421959
14124,2,36.8914075,30.6477293
14125,1,36.9152896,30.6343123
14126,2,36.9238553,30.6329766
14127,16,36.9298515,30.6733009
14128,3,36.9299715,30.6734323
14129,47,36.9194315,30.6827839
14130,62,36.9104189,30.6812375
14131,26,36.8977457,30.7119033
14132,3,36.9281255,30.7853797
14133,4,36.9284943,30.7852831
14134,19,36.9594941,30.779385
14135,11,36.9768009,30.7617146
14136,0,36.9769199,30.7621652
14137,0,36.9724939,30.7475284
14138,2,36.9804585,30.7367874
14139,0,36.9802539,30.7366372
14140,1,36.9941275,30.6213693
14141,1,36.9937526,30.615117
14142,104,36.8999164,30.8020241
14143,0,36.8979821,30.6486169
14144,0,36.8977853,30.6486285
14146,0,36.8948928,30.6521356
14147,0,36.8928571,30.6572672
14148,241,37.0506348,30.6198105
14149,38,37.050846,30.6207152
14150,11,37.1280497,30.5823022
14151,17,37.1381316,30.5838585
14152,4,37.1416109,30.586435
14153,10,37.1439582,30.586684
14154,31,37.1454893,30.5896474
14155,21,37.133513,30.621328
14156,4,37.140815,30.6248881
14157,7,37.1420744,30.6272421
14158,7,37.1761785,30.6370295
14159,18,37.1946265,30.6494238
14160,4,37.2090815,30.6600974
14162,3,37.2063783,30.6813277
14163,7,37.2029496,30.6773879
14164,17,37.1963425,30.6734347
14165,6,37.1913559,30.6699009
14166,5,37.1798466,30.6666242
14167,4,37.159931,30.66276
14168,1,37.1605788,30.6678789
14169,5,37.161746,30.678233
14170,0,37.1412125,30.6751538
14171,3,37.1336249,30.6520363
14172,1,37.1185298,30.6379253
14173,1,37.1166786,30.6376422
14174,0,37.1144137,30.6375891
14175,0,37.1143765,30.6376063
14176,1,37.1134668,30.6336574
14177,3,37.1168827,30.6031685
14178,4,37.1196146,30.6055612
14179,30,37.1181811,30.5917846
14182,7,37.020396,30.595751
14183,2,37.0204255,30.5959793
14184,2,37.016544,30.59356
14185,2,37.016303,30.593656
14186,4,37.011708,30.591101
14187,5,37.011503,30.591255
14188,12,37.0174317,30.6334916
14189,3,37.0171153,30.6335198
14190,7,37.0076977,30.6312635
14191,8,36.9793108,30.6252345
14192,40,36.9793832,30.6201239
14193,4,36.9668144,30.5889344
14194,0,36.9691881,30.5869271
14195,3,36.9691477,30.5867582
14196,3,36.9528234,30.6227665
14199,11,36.9172346,30.6463834
14200,59,36.909171,30.6522276
14201,14,36.9090409,30.6523909
14203,23,36.8808203,30.6299029
14204,1,36.88026,30.6295701
14205,31,36.8767239,30.6292706
14206,2,36.8776619,30.6291811
14207,13,36.8976099,30.6168512
14208,9,36.8895184,30.5675091
14209,131,36.8576995,30.5968667
14210,38,36.8568645,30.5988137
14213,1,36.889103,30.646564
14214,15,36.8753439,30.6544008
14215,33,36.874109,30.644211
14216,27,36.8718587,30.6496456
14217,7,36.8684678,30.6455188
14218,11,36.8656351,30.6399629
14219,36,36.8634286,30.6367478
14220,7,36.8631442,30.6366555
14221,3,36.865559,30.6402508
14222,2,36.8684214,30.6458147
14223,8,36.8708621,30.6491212
14224,24,36.8470036,30.6074997
14226,10,36.9446103,30.8454331
14227,6,36.9403771,30.8235118
14228,22,37.0027058,30.8176087
14231,2,36.7689286,30.4611579
14232,1,36.95249,30.673475
14233,22,36.9498737,30.6774763
14234,33,36.9467356,30.6873241
14235,19,36.9437038,30.6890493
14236,6,36.9442574,30.6764685
14237,46,36.914321,30.7728056
14238,218,36.9147704,30.7730563
14239,26,36.9118649,30.7697106
14240,933,36.8869599,30.7309873
14242,1,36.8748342,30.5681339
14243,0,36.8781794,30.5689995
14244,6,36.8879747,30.5742787
14245,2,36.8944709,30.5956387
14246,4,36.897645,30.6166282
14247,2,36.9118796,30.6405323
14248,35,36.919339,30.6809072
14249,45,36.9365033,30.6796013
14251,1,37.2171161,30.6502752
14252,8,37.2084182,30.663607
14253,73,36.9422382,30.7338879
14254,4,36.9415366,30.7354281
14262,13,36.8900226,30.6797089
14263,3,36.8616489,30.8154913
14264,4,36.860356,30.811755
14265,26,36.8586392,30.812924
14266,2,36.8589327,30.8129656
14267,1,36.8606224,30.8119022
14268,0,36.8615032,30.8151336
14269,21,36.9057665,30.7673146
14270,9,36.8789291,30.7481569
14271,43,36.9063063,30.7301131
14272,13,36.8794239,30.7960814
14273,7,36.8787418,30.7992874
14274,3,36.8783215,30.8020963
14276,6,36.8735058,30.8008593
14277,5,36.873918,30.7951093
14278,14,36.8731082,30.791806
14279,12,36.875304,30.7870827
14280,2,36.8792458,30.7933383
14281,2,36.8472052,30.6155213
14282,14,36.9251782,30.6766334
14284,21,36.9414632,30.6711587
14285,1,37.1206153,30.7012385
14286,2,37.2130843,30.475084
14287,21,36.9774633,30.7357759
14288,14,37.0618579,30.8480935
14289,15,37.0656705,30.8251098
14290,8,37.0115778,30.8113968
14291,2,37.0112171,30.8118247
14292,25,36.8353378,30.5938366
14294,4,36.8626004,30.5979163
14295,2,36.863723,30.5965583
14296,4,36.8808401,30.639905
14297,2,36.8952656,30.6275668
14298,16,36.8969201,30.6112722
14299,1,36.889031,30.679618
14300,31,36.8987385,30.725471
14303,1,36.895009,30.7375791
14304,47,36.9039814,30.7275289
14305,1,36.883015,30.728931
14306,4,36.8795943,30.7531373
14307,2,36.9178917,30.6437573
14308,3,36.917254,30.6389445
14309,7,36.9171778,30.6393052
14310,0,36.9247097,30.6364916
14311,15,36.9249595,30.6357352
14312,49,36.9839117,30.7460184
14313,5,36.9109318,30.7497733
14314,8,36.9107249,30.7498109
14315,4,36.9124009,30.7513317
14316,8,36.9127483,30.7515289
14317,1,36.9154761,30.7502669
14318,5,36.9155266,30.7505606
14319,4,36.9184205,30.7421049
14320,0,36.919703,30.727274
14321,0,36.9197255,30.727523
14328,4,36.9158643,30.6913991
14329,3,36.9058972,30.7089313
14331,0,36.847559,30.6157488
14332,2,36.9552535,30.8432738
14333,0,36.9550852,30.8435568
14334,1,36.956801,30.8404655
14335,2,36.9566156,30.8403784
14336,0,36.961498,30.8367024
14337,3,36.9596163,30.8381146
14338,0,36.9654199,30.8368137
14339,0,36.9615623,30.8365669
14340,6,36.965257,30.8367118
14341,1,37.0358465,30.6032885
14342,1,37.0357608,30.6035702
14343,24,37.0421913,30.6152566
14344,2,37.0421238,30.6155382
14349,6,36.8792966,30.8121722
14350,3,36.887154,30.8147217
14351,1,36.8871122,30.8185881
15001,0,36.9441346,30.6443708
15053,2,36.886507,30.7303
15055,199,36.884669,30.681112
15056,14,36.884663,30.681291
15057,858,36.884809,30.686506
15058,290,36.885041,30.691414
15059,223,36.885615,30.697379
15060,4,36.886954,30.705544
15061,228,36.88699,30.705439
15062,399,36.887078,30.705564
15063,89,36.887119,30.705478
15066,812,36.885048,30.709066
15067,164,36.875041,30.712963
15068,366,36.874621,30.716974
42503,0,36.837866,31.150392
